Dataset,Estimated Scale Factor,Elbow Value,Real Value,Elbow Index
Dataset A,0.05535886276818934,0.20123779437196884,0.2,199
Dataset A,0.05971310399757579,0.20123779437196884,0.2,199
Dataset A,0.06023282342200453,0.20123779437196884,0.2,199
Dataset A,0.06112905235462281,0.20123779437196884,0.2,199
Dataset A,0.06174851875696706,0.20123779437196884,0.2,199
Dataset A,0.06186431739256347,0.20123779437196884,0.2,199
Dataset A,0.0644989686980546,0.20123779437196884,0.2,199
Dataset A,0.06450843296414151,0.20123779437196884,0.2,199
Dataset A,0.06599963440896965,0.20123779437196884,0.2,199
Dataset A,0.06669770811145784,0.20123779437196884,0.2,199
Dataset A,0.06673100682748391,0.20123779437196884,0.2,199
Dataset A,0.06939911887757044,0.20123779437196884,0.2,199
Dataset A,0.0695399762897688,0.20123779437196884,0.2,199
Dataset A,0.07048580779628753,0.20123779437196884,0.2,199
Dataset A,0.07097865787865033,0.20123779437196884,0.2,199
Dataset A,0.0719165974935175,0.20123779437196884,0.2,199
Dataset A,0.07276964261567352,0.20123779437196884,0.2,199
Dataset A,0.0728919463815061,0.20123779437196884,0.2,199
Dataset A,0.07318225023964588,0.20123779437196884,0.2,199
Dataset A,0.07424896972258421,0.20123779437196884,0.2,199
Dataset A,0.07470752340484592,0.20123779437196884,0.2,199
Dataset A,0.07539284916031173,0.20123779437196884,0.2,199
Dataset A,0.0758172346818371,0.20123779437196884,0.2,199
Dataset A,0.07602111451822621,0.20123779437196884,0.2,199
Dataset A,0.07680339726513621,0.20123779437196884,0.2,199
Dataset A,0.0782705547328418,0.20123779437196884,0.2,199
Dataset A,0.0784672879306967,0.20123779437196884,0.2,199
Dataset A,0.07907463980740251,0.20123779437196884,0.2,199
Dataset A,0.079431113455754,0.20123779437196884,0.2,199
Dataset A,0.07944180366330666,0.20123779437196884,0.2,199
Dataset A,0.08056135204899356,0.20123779437196884,0.2,199
Dataset A,0.08085548208562823,0.20123779437196884,0.2,199
Dataset A,0.08096522807013323,0.20123779437196884,0.2,199
Dataset A,0.08176339402791274,0.20123779437196884,0.2,199
Dataset A,0.08186656123423167,0.20123779437196884,0.2,199
Dataset A,0.08190675737695514,0.20123779437196884,0.2,199
Dataset A,0.0820101102417822,0.20123779437196884,0.2,199
Dataset A,0.08256829582230912,0.20123779437196884,0.2,199
Dataset A,0.08316157528044128,0.20123779437196884,0.2,199
Dataset A,0.08321485663087523,0.20123779437196884,0.2,199
Dataset A,0.08356764441400091,0.20123779437196884,0.2,199
Dataset A,0.08430549661994327,0.20123779437196884,0.2,199
Dataset A,0.08431963863369588,0.20123779437196884,0.2,199
Dataset A,0.08475318416534042,0.20123779437196884,0.2,199
Dataset A,0.08547481233085229,0.20123779437196884,0.2,199
Dataset A,0.08604085897325833,0.20123779437196884,0.2,199
Dataset A,0.08623180916011003,0.20123779437196884,0.2,199
Dataset A,0.0863737743257758,0.20123779437196884,0.2,199
Dataset A,0.0872259059963972,0.20123779437196884,0.2,199
Dataset A,0.08789629133302859,0.20123779437196884,0.2,199
Dataset A,0.08813429940665664,0.20123779437196884,0.2,199
Dataset A,0.08849964668699781,0.20123779437196884,0.2,199
Dataset A,0.0886165096872335,0.20123779437196884,0.2,199
Dataset A,0.08904834891203794,0.20123779437196884,0.2,199
Dataset A,0.08935343095356785,0.20123779437196884,0.2,199
Dataset A,0.09099871373609911,0.20123779437196884,0.2,199
Dataset A,0.09297572508343419,0.20123779437196884,0.2,199
Dataset A,0.09392034707662869,0.20123779437196884,0.2,199
Dataset A,0.09525917018013311,0.20123779437196884,0.2,199
Dataset A,0.0955300428206768,0.20123779437196884,0.2,199
Dataset A,0.09571901900734027,0.20123779437196884,0.2,199
Dataset A,0.09583636459485238,0.20123779437196884,0.2,199
Dataset A,0.09645320308002944,0.20123779437196884,0.2,199
Dataset A,0.09717196079240616,0.20123779437196884,0.2,199
Dataset A,0.09844951252208708,0.20123779437196884,0.2,199
Dataset A,0.0987294035102429,0.20123779437196884,0.2,199
Dataset A,0.0988464964829771,0.20123779437196884,0.2,199
Dataset A,0.09955093035763903,0.20123779437196884,0.2,199
Dataset A,0.10078079769063725,0.20123779437196884,0.2,199
Dataset A,0.10079948274236705,0.20123779437196884,0.2,199
Dataset A,0.10149898567253554,0.20123779437196884,0.2,199
Dataset A,0.10236557007251613,0.20123779437196884,0.2,199
Dataset A,0.1030388153333363,0.20123779437196884,0.2,199
Dataset A,0.1031311932763039,0.20123779437196884,0.2,199
Dataset A,0.10314696835273822,0.20123779437196884,0.2,199
Dataset A,0.10362250657138646,0.20123779437196884,0.2,199
Dataset A,0.10416111035385757,0.20123779437196884,0.2,199
Dataset A,0.10435680230438044,0.20123779437196884,0.2,199
Dataset A,0.10459205634989792,0.20123779437196884,0.2,199
Dataset A,0.10488233292397321,0.20123779437196884,0.2,199
Dataset A,0.10800910971287113,0.20123779437196884,0.2,199
Dataset A,0.10811375904920278,0.20123779437196884,0.2,199
Dataset A,0.10851314332573544,0.20123779437196884,0.2,199
Dataset A,0.10972471099701576,0.20123779437196884,0.2,199
Dataset A,0.10987282302254373,0.20123779437196884,0.2,199
Dataset A,0.11016391188523879,0.20123779437196884,0.2,199
Dataset A,0.11041385090690767,0.20123779437196884,0.2,199
Dataset A,0.11049982980010833,0.20123779437196884,0.2,199
Dataset A,0.11057394974650904,0.20123779437196884,0.2,199
Dataset A,0.1122556801316012,0.20123779437196884,0.2,199
Dataset A,0.11228629436118774,0.20123779437196884,0.2,199
Dataset A,0.11229262950955084,0.20123779437196884,0.2,199
Dataset A,0.1132931709343676,0.20123779437196884,0.2,199
Dataset A,0.11403742131300415,0.20123779437196884,0.2,199
Dataset A,0.1142665501233408,0.20123779437196884,0.2,199
Dataset A,0.1144023772702598,0.20123779437196884,0.2,199
Dataset A,0.11591825531477414,0.20123779437196884,0.2,199
Dataset A,0.11668520653122497,0.20123779437196884,0.2,199
Dataset A,0.11672864013109724,0.20123779437196884,0.2,199
Dataset A,0.1183612244789287,0.20123779437196884,0.2,199
Dataset A,0.11917791077410748,0.20123779437196884,0.2,199
Dataset A,0.11918141825684797,0.20123779437196884,0.2,199
Dataset A,0.11945448730185242,0.20123779437196884,0.2,199
Dataset A,0.11973422081960886,0.20123779437196884,0.2,199
Dataset A,0.12056296367767193,0.20123779437196884,0.2,199
Dataset A,0.12088135728669472,0.20123779437196884,0.2,199
Dataset A,0.12125869132748042,0.20123779437196884,0.2,199
Dataset A,0.12141084968459402,0.20123779437196884,0.2,199
Dataset A,0.12219508076881949,0.20123779437196884,0.2,199
Dataset A,0.12246462776444371,0.20123779437196884,0.2,199
Dataset A,0.12330535556797675,0.20123779437196884,0.2,199
Dataset A,0.12379300275015087,0.20123779437196884,0.2,199
Dataset A,0.1248258093887658,0.20123779437196884,0.2,199
Dataset A,0.124882191594004,0.20123779437196884,0.2,199
Dataset A,0.12499846451195525,0.20123779437196884,0.2,199
Dataset A,0.12624186044095007,0.20123779437196884,0.2,199
Dataset A,0.12653381527381907,0.20123779437196884,0.2,199
Dataset A,0.1267550038783234,0.20123779437196884,0.2,199
Dataset A,0.12713893779613278,0.20123779437196884,0.2,199
Dataset A,0.12755944376946876,0.20123779437196884,0.2,199
Dataset A,0.12828545073142222,0.20123779437196884,0.2,199
Dataset A,0.12842505670943014,0.20123779437196884,0.2,199
Dataset A,0.12893272542384265,0.20123779437196884,0.2,199
Dataset A,0.1291904516748244,0.20123779437196884,0.2,199
Dataset A,0.12986292808426006,0.20123779437196884,0.2,199
Dataset A,0.13040873225361352,0.20123779437196884,0.2,199
Dataset A,0.13058366256460022,0.20123779437196884,0.2,199
Dataset A,0.1311027983963247,0.20123779437196884,0.2,199
Dataset A,0.13154799006929802,0.20123779437196884,0.2,199
Dataset A,0.13191701196475836,0.20123779437196884,0.2,199
Dataset A,0.13404779925405333,0.20123779437196884,0.2,199
Dataset A,0.13483610844720548,0.20123779437196884,0.2,199
Dataset A,0.13497120233540535,0.20123779437196884,0.2,199
Dataset A,0.13528411447346816,0.20123779437196884,0.2,199
Dataset A,0.13531673475043451,0.20123779437196884,0.2,199
Dataset A,0.1358215715798774,0.20123779437196884,0.2,199
Dataset A,0.13623249163870518,0.20123779437196884,0.2,199
Dataset A,0.13628112656714353,0.20123779437196884,0.2,199
Dataset A,0.1370501867285607,0.20123779437196884,0.2,199
Dataset A,0.13724009441370394,0.20123779437196884,0.2,199
Dataset A,0.1378171368364261,0.20123779437196884,0.2,199
Dataset A,0.13852238572408973,0.20123779437196884,0.2,199
Dataset A,0.13870028090469627,0.20123779437196884,0.2,199
Dataset A,0.1390053555391278,0.20123779437196884,0.2,199
Dataset A,0.14035076845537978,0.20123779437196884,0.2,199
Dataset A,0.1414034436479576,0.20123779437196884,0.2,199
Dataset A,0.141681012654075,0.20123779437196884,0.2,199
Dataset A,0.14209373655871918,0.20123779437196884,0.2,199
Dataset A,0.14338197202798109,0.20123779437196884,0.2,199
Dataset A,0.14417242744192232,0.20123779437196884,0.2,199
Dataset A,0.1450473825295008,0.20123779437196884,0.2,199
Dataset A,0.14523132652128906,0.20123779437196884,0.2,199
Dataset A,0.14641081579788384,0.20123779437196884,0.2,199
Dataset A,0.14703895635851227,0.20123779437196884,0.2,199
Dataset A,0.14740669979918614,0.20123779437196884,0.2,199
Dataset A,0.148535153905041,0.20123779437196884,0.2,199
Dataset A,0.1486373624369005,0.20123779437196884,0.2,199
Dataset A,0.1491787383067969,0.20123779437196884,0.2,199
Dataset A,0.14957571739757042,0.20123779437196884,0.2,199
Dataset A,0.14971733553676891,0.20123779437196884,0.2,199
Dataset A,0.15020259055572502,0.20123779437196884,0.2,199
Dataset A,0.15049551592221455,0.20123779437196884,0.2,199
Dataset A,0.1505605850762836,0.20123779437196884,0.2,199
Dataset A,0.1515632238384067,0.20123779437196884,0.2,199
Dataset A,0.15196994419050155,0.20123779437196884,0.2,199
Dataset A,0.15201619846345038,0.20123779437196884,0.2,199
Dataset A,0.15203467109712512,0.20123779437196884,0.2,199
Dataset A,0.1527738910517464,0.20123779437196884,0.2,199
Dataset A,0.15332316116814626,0.20123779437196884,0.2,199
Dataset A,0.15391145785843804,0.20123779437196884,0.2,199
Dataset A,0.15529979725215562,0.20123779437196884,0.2,199
Dataset A,0.15580029046684116,0.20123779437196884,0.2,199
Dataset A,0.15677015689694115,0.20123779437196884,0.2,199
Dataset A,0.15939989049454253,0.20123779437196884,0.2,199
Dataset A,0.15965298114922075,0.20123779437196884,0.2,199
Dataset A,0.15981443257926584,0.20123779437196884,0.2,199
Dataset A,0.1614637069739885,0.20123779437196884,0.2,199
Dataset A,0.1614710669545679,0.20123779437196884,0.2,199
Dataset A,0.16253076170570976,0.20123779437196884,0.2,199
Dataset A,0.16293475550755315,0.20123779437196884,0.2,199
Dataset A,0.16528857025169344,0.20123779437196884,0.2,199
Dataset A,0.16775802510508572,0.20123779437196884,0.2,199
Dataset A,0.16814200433185417,0.20123779437196884,0.2,199
Dataset A,0.1690463653653519,0.20123779437196884,0.2,199
Dataset A,0.1690598553534196,0.20123779437196884,0.2,199
Dataset A,0.16951877628125975,0.20123779437196884,0.2,199
Dataset A,0.17089660344714874,0.20123779437196884,0.2,199
Dataset A,0.1726381246346308,0.20123779437196884,0.2,199
Dataset A,0.17340273068352116,0.20123779437196884,0.2,199
Dataset A,0.1781563026054908,0.20123779437196884,0.2,199
Dataset A,0.17894206145602504,0.20123779437196884,0.2,199
Dataset A,0.17952364054326653,0.20123779437196884,0.2,199
Dataset A,0.18018076298625077,0.20123779437196884,0.2,199
Dataset A,0.1849829780738087,0.20123779437196884,0.2,199
Dataset A,0.18772046026029252,0.20123779437196884,0.2,199
Dataset A,0.1902626991124103,0.20123779437196884,0.2,199
Dataset A,0.19136194201432108,0.20123779437196884,0.2,199
Dataset A,0.19297819983280085,0.20123779437196884,0.2,199
Dataset A,0.2001642090048117,0.20123779437196884,0.2,199
Dataset A,0.20123779437196884,0.20123779437196884,0.2,199
Dataset A,0.38908496418282756,0.20123779437196884,0.2,199
Dataset A,0.39412924789122805,0.20123779437196884,0.2,199
Dataset A,0.39436386112805755,0.20123779437196884,0.2,199
Dataset A,0.45869512521347,0.20123779437196884,0.2,199
Dataset A,0.4873453487169648,0.20123779437196884,0.2,199
Dataset A,0.5230324092002137,0.20123779437196884,0.2,199
Dataset A,0.566904579135223,0.20123779437196884,0.2,199
Dataset A,0.6111211518238299,0.20123779437196884,0.2,199
Dataset A,0.6256914931104904,0.20123779437196884,0.2,199
Dataset A,0.6513402369758559,0.20123779437196884,0.2,199
Dataset A,0.6593343901403839,0.20123779437196884,0.2,199
Dataset A,0.6686949283316673,0.20123779437196884,0.2,199
Dataset A,0.6695310317759342,0.20123779437196884,0.2,199
Dataset A,0.6717943880176528,0.20123779437196884,0.2,199
Dataset A,0.6813629716356918,0.20123779437196884,0.2,199
Dataset A,0.7101492303681312,0.20123779437196884,0.2,199
Dataset A,0.7140837018202908,0.20123779437196884,0.2,199
Dataset A,0.7245079360159882,0.20123779437196884,0.2,199
Dataset A,0.7415666886460879,0.20123779437196884,0.2,199
Dataset A,0.7443280335418463,0.20123779437196884,0.2,199
Dataset A,0.7454835425095173,0.20123779437196884,0.2,199
Dataset A,0.7523120907540719,0.20123779437196884,0.2,199
Dataset A,0.7591055914321724,0.20123779437196884,0.2,199
Dataset A,0.7666388498115801,0.20123779437196884,0.2,199
Dataset A,0.7715361833006498,0.20123779437196884,0.2,199
Dataset A,0.784223943180659,0.20123779437196884,0.2,199
Dataset A,0.7848236752945505,0.20123779437196884,0.2,199
Dataset A,0.790634267415362,0.20123779437196884,0.2,199
Dataset A,0.797310687982871,0.20123779437196884,0.2,199
Dataset A,0.7974121499559148,0.20123779437196884,0.2,199
Dataset A,0.7980769434961332,0.20123779437196884,0.2,199
Dataset A,0.8019107756871338,0.20123779437196884,0.2,199
Dataset A,0.8353256256893369,0.20123779437196884,0.2,199
Dataset A,0.8525148786921471,0.20123779437196884,0.2,199
Dataset A,0.8810573675968946,0.20123779437196884,0.2,199
Dataset A,0.8866230117336911,0.20123779437196884,0.2,199
Dataset A,0.8962106436180716,0.20123779437196884,0.2,199
Dataset A,0.9059853471122158,0.20123779437196884,0.2,199
Dataset A,0.9090317371687514,0.20123779437196884,0.2,199
Dataset A,0.9101058130826962,0.20123779437196884,0.2,199
Dataset A,0.930665594691039,0.20123779437196884,0.2,199
Dataset A,0.9461768989120412,0.20123779437196884,0.2,199
Dataset A,0.9486029111679057,0.20123779437196884,0.2,199
Dataset A,0.948844846052928,0.20123779437196884,0.2,199
Dataset A,0.9585468055231455,0.20123779437196884,0.2,199
Dataset A,0.9610447285026351,0.20123779437196884,0.2,199
Dataset A,0.9831038090513958,0.20123779437196884,0.2,199
Dataset A,0.9885110981383566,0.20123779437196884,0.2,199
Dataset B,0.05535886276818934,0.20170277198332676,0.2,204
Dataset B,0.05872187833178486,0.20170277198332676,0.2,204
Dataset B,0.05971310399757579,0.20170277198332676,0.2,204
Dataset B,0.06023282342200453,0.20170277198332676,0.2,204
Dataset B,0.06112905235462281,0.20170277198332676,0.2,204
Dataset B,0.06174851875696706,0.20170277198332676,0.2,204
Dataset B,0.06186431739256347,0.20170277198332676,0.2,204
Dataset B,0.0644989686980546,0.20170277198332676,0.2,204
Dataset B,0.06450843296414151,0.20170277198332676,0.2,204
Dataset B,0.06599963440896965,0.20170277198332676,0.2,204
Dataset B,0.06669770811145784,0.20170277198332676,0.2,204
Dataset B,0.06672924023752645,0.20170277198332676,0.2,204
Dataset B,0.06673100682748391,0.20170277198332676,0.2,204
Dataset B,0.06939911887757044,0.20170277198332676,0.2,204
Dataset B,0.07048580779628753,0.20170277198332676,0.2,204
Dataset B,0.07097865787865033,0.20170277198332676,0.2,204
Dataset B,0.0719165974935175,0.20170277198332676,0.2,204
Dataset B,0.07193436417133633,0.20170277198332676,0.2,204
Dataset B,0.07276964261567352,0.20170277198332676,0.2,204
Dataset B,0.0728919463815061,0.20170277198332676,0.2,204
Dataset B,0.07318225023964588,0.20170277198332676,0.2,204
Dataset B,0.07381107272885219,0.20170277198332676,0.2,204
Dataset B,0.07424896972258421,0.20170277198332676,0.2,204
Dataset B,0.07470752340484592,0.20170277198332676,0.2,204
Dataset B,0.07539284916031173,0.20170277198332676,0.2,204
Dataset B,0.0758172346818371,0.20170277198332676,0.2,204
Dataset B,0.07680339726513621,0.20170277198332676,0.2,204
Dataset B,0.0782705547328418,0.20170277198332676,0.2,204
Dataset B,0.0784672879306967,0.20170277198332676,0.2,204
Dataset B,0.07907463980740251,0.20170277198332676,0.2,204
Dataset B,0.079431113455754,0.20170277198332676,0.2,204
Dataset B,0.07944180366330666,0.20170277198332676,0.2,204
Dataset B,0.08056135204899356,0.20170277198332676,0.2,204
Dataset B,0.08085548208562823,0.20170277198332676,0.2,204
Dataset B,0.08096522807013323,0.20170277198332676,0.2,204
Dataset B,0.08176339402791274,0.20170277198332676,0.2,204
Dataset B,0.08186656123423167,0.20170277198332676,0.2,204
Dataset B,0.08190675737695514,0.20170277198332676,0.2,204
Dataset B,0.0820101102417822,0.20170277198332676,0.2,204
Dataset B,0.08256829582230912,0.20170277198332676,0.2,204
Dataset B,0.08280994625842794,0.20170277198332676,0.2,204
Dataset B,0.08316157528044128,0.20170277198332676,0.2,204
Dataset B,0.08356764441400091,0.20170277198332676,0.2,204
Dataset B,0.08430549661994327,0.20170277198332676,0.2,204
Dataset B,0.08475318416534042,0.20170277198332676,0.2,204
Dataset B,0.08547481233085229,0.20170277198332676,0.2,204
Dataset B,0.08604085897325833,0.20170277198332676,0.2,204
Dataset B,0.08623180916011003,0.20170277198332676,0.2,204
Dataset B,0.0863737743257758,0.20170277198332676,0.2,204
Dataset B,0.0872259059963972,0.20170277198332676,0.2,204
Dataset B,0.08789629133302859,0.20170277198332676,0.2,204
Dataset B,0.08813429940665664,0.20170277198332676,0.2,204
Dataset B,0.08847010596159427,0.20170277198332676,0.2,204
Dataset B,0.08849964668699781,0.20170277198332676,0.2,204
Dataset B,0.0886165096872335,0.20170277198332676,0.2,204
Dataset B,0.08904834891203794,0.20170277198332676,0.2,204
Dataset B,0.08935343095356785,0.20170277198332676,0.2,204
Dataset B,0.09099871373609911,0.20170277198332676,0.2,204
Dataset B,0.09297572508343419,0.20170277198332676,0.2,204
Dataset B,0.09392034707662869,0.20170277198332676,0.2,204
Dataset B,0.09525917018013311,0.20170277198332676,0.2,204
Dataset B,0.0955300428206768,0.20170277198332676,0.2,204
Dataset B,0.09571901900734027,0.20170277198332676,0.2,204
Dataset B,0.09583636459485238,0.20170277198332676,0.2,204
Dataset B,0.09645320308002944,0.20170277198332676,0.2,204
Dataset B,0.09717196079240616,0.20170277198332676,0.2,204
Dataset B,0.09844951252208708,0.20170277198332676,0.2,204
Dataset B,0.0987294035102429,0.20170277198332676,0.2,204
Dataset B,0.0988464964829771,0.20170277198332676,0.2,204
Dataset B,0.09955093035763903,0.20170277198332676,0.2,204
Dataset B,0.10078079769063725,0.20170277198332676,0.2,204
Dataset B,0.10079948274236705,0.20170277198332676,0.2,204
Dataset B,0.10149898567253554,0.20170277198332676,0.2,204
Dataset B,0.10236557007251613,0.20170277198332676,0.2,204
Dataset B,0.1030388153333363,0.20170277198332676,0.2,204
Dataset B,0.1031311932763039,0.20170277198332676,0.2,204
Dataset B,0.10314696835273822,0.20170277198332676,0.2,204
Dataset B,0.10316219386081396,0.20170277198332676,0.2,204
Dataset B,0.10362250657138646,0.20170277198332676,0.2,204
Dataset B,0.10416111035385757,0.20170277198332676,0.2,204
Dataset B,0.10435680230438044,0.20170277198332676,0.2,204
Dataset B,0.10448459488215274,0.20170277198332676,0.2,204
Dataset B,0.10448459488215274,0.20170277198332676,0.2,204
Dataset B,0.10459205634989792,0.20170277198332676,0.2,204
Dataset B,0.10488233292397321,0.20170277198332676,0.2,204
Dataset B,0.10537998718475973,0.20170277198332676,0.2,204
Dataset B,0.10800910971287113,0.20170277198332676,0.2,204
Dataset B,0.10811375904920278,0.20170277198332676,0.2,204
Dataset B,0.10851314332573544,0.20170277198332676,0.2,204
Dataset B,0.10972471099701576,0.20170277198332676,0.2,204
Dataset B,0.10987282302254373,0.20170277198332676,0.2,204
Dataset B,0.11016391188523879,0.20170277198332676,0.2,204
Dataset B,0.11041385090690767,0.20170277198332676,0.2,204
Dataset B,0.11049982980010833,0.20170277198332676,0.2,204
Dataset B,0.11057394974650904,0.20170277198332676,0.2,204
Dataset B,0.1122556801316012,0.20170277198332676,0.2,204
Dataset B,0.11228629436118774,0.20170277198332676,0.2,204
Dataset B,0.11229262950955084,0.20170277198332676,0.2,204
Dataset B,0.1132931709343676,0.20170277198332676,0.2,204
Dataset B,0.11403742131300415,0.20170277198332676,0.2,204
Dataset B,0.1142665501233408,0.20170277198332676,0.2,204
Dataset B,0.1144023772702598,0.20170277198332676,0.2,204
Dataset B,0.1145711211470504,0.20170277198332676,0.2,204
Dataset B,0.11507954996214627,0.20170277198332676,0.2,204
Dataset B,0.11509436026180764,0.20170277198332676,0.2,204
Dataset B,0.11511326280285573,0.20170277198332676,0.2,204
Dataset B,0.11591825531477414,0.20170277198332676,0.2,204
Dataset B,0.11672864013109724,0.20170277198332676,0.2,204
Dataset B,0.1183612244789287,0.20170277198332676,0.2,204
Dataset B,0.11917725948342683,0.20170277198332676,0.2,204
Dataset B,0.11917791077410748,0.20170277198332676,0.2,204
Dataset B,0.11918141825684797,0.20170277198332676,0.2,204
Dataset B,0.11945448730185242,0.20170277198332676,0.2,204
Dataset B,0.12056296367767193,0.20170277198332676,0.2,204
Dataset B,0.12088135728669472,0.20170277198332676,0.2,204
Dataset B,0.12125869132748042,0.20170277198332676,0.2,204
Dataset B,0.12141084968459402,0.20170277198332676,0.2,204
Dataset B,0.12246462776444371,0.20170277198332676,0.2,204
Dataset B,0.12330535556797675,0.20170277198332676,0.2,204
Dataset B,0.12379300275015087,0.20170277198332676,0.2,204
Dataset B,0.1248258093887658,0.20170277198332676,0.2,204
Dataset B,0.124882191594004,0.20170277198332676,0.2,204
Dataset B,0.12653381527381907,0.20170277198332676,0.2,204
Dataset B,0.1267550038783234,0.20170277198332676,0.2,204
Dataset B,0.12713893779613278,0.20170277198332676,0.2,204
Dataset B,0.127525468098705,0.20170277198332676,0.2,204
Dataset B,0.127525468098705,0.20170277198332676,0.2,204
Dataset B,0.12828545073142222,0.20170277198332676,0.2,204
Dataset B,0.12842505670943014,0.20170277198332676,0.2,204
Dataset B,0.1291904516748244,0.20170277198332676,0.2,204
Dataset B,0.12978547565850582,0.20170277198332676,0.2,204
Dataset B,0.12986292808426006,0.20170277198332676,0.2,204
Dataset B,0.13024212305123434,0.20170277198332676,0.2,204
Dataset B,0.13040873225361352,0.20170277198332676,0.2,204
Dataset B,0.13058366256460022,0.20170277198332676,0.2,204
Dataset B,0.1311027983963247,0.20170277198332676,0.2,204
Dataset B,0.1317068698449925,0.20170277198332676,0.2,204
Dataset B,0.13252672820056302,0.20170277198332676,0.2,204
Dataset B,0.13272726834903578,0.20170277198332676,0.2,204
Dataset B,0.1333198750850565,0.20170277198332676,0.2,204
Dataset B,0.13404779925405333,0.20170277198332676,0.2,204
Dataset B,0.13483610844720548,0.20170277198332676,0.2,204
Dataset B,0.13497120233540535,0.20170277198332676,0.2,204
Dataset B,0.13528411447346816,0.20170277198332676,0.2,204
Dataset B,0.13531673475043451,0.20170277198332676,0.2,204
Dataset B,0.1358215715798774,0.20170277198332676,0.2,204
Dataset B,0.13623249163870518,0.20170277198332676,0.2,204
Dataset B,0.1369003069166886,0.20170277198332676,0.2,204
Dataset B,0.1370501867285607,0.20170277198332676,0.2,204
Dataset B,0.13724009441370394,0.20170277198332676,0.2,204
Dataset B,0.1378171368364261,0.20170277198332676,0.2,204
Dataset B,0.1390053555391278,0.20170277198332676,0.2,204
Dataset B,0.13975396761085804,0.20170277198332676,0.2,204
Dataset B,0.140123123935421,0.20170277198332676,0.2,204
Dataset B,0.14035076845537978,0.20170277198332676,0.2,204
Dataset B,0.1414034436479576,0.20170277198332676,0.2,204
Dataset B,0.141681012654075,0.20170277198332676,0.2,204
Dataset B,0.14209373655871918,0.20170277198332676,0.2,204
Dataset B,0.14209832457172974,0.20170277198332676,0.2,204
Dataset B,0.1432005657522271,0.20170277198332676,0.2,204
Dataset B,0.14338197202798109,0.20170277198332676,0.2,204
Dataset B,0.14410326256870287,0.20170277198332676,0.2,204
Dataset B,0.14417242744192232,0.20170277198332676,0.2,204
Dataset B,0.1443546139429311,0.20170277198332676,0.2,204
Dataset B,0.14467651769987938,0.20170277198332676,0.2,204
Dataset B,0.1449602807736748,0.20170277198332676,0.2,204
Dataset B,0.1450473825295008,0.20170277198332676,0.2,204
Dataset B,0.14629901307761004,0.20170277198332676,0.2,204
Dataset B,0.14641081579788384,0.20170277198332676,0.2,204
Dataset B,0.14703895635851227,0.20170277198332676,0.2,204
Dataset B,0.14740669979918614,0.20170277198332676,0.2,204
Dataset B,0.14797235183993893,0.20170277198332676,0.2,204
Dataset B,0.14797235183993893,0.20170277198332676,0.2,204
Dataset B,0.14797235183993893,0.20170277198332676,0.2,204
Dataset B,0.1488705075873208,0.20170277198332676,0.2,204
Dataset B,0.1491787383067969,0.20170277198332676,0.2,204
Dataset B,0.14971733553676891,0.20170277198332676,0.2,204
Dataset B,0.15020259055572502,0.20170277198332676,0.2,204
Dataset B,0.1505605850762836,0.20170277198332676,0.2,204
Dataset B,0.15196994419050155,0.20170277198332676,0.2,204
Dataset B,0.15201619846345038,0.20170277198332676,0.2,204
Dataset B,0.15205661566699652,0.20170277198332676,0.2,204
Dataset B,0.1525287076667767,0.20170277198332676,0.2,204
Dataset B,0.1527738910517464,0.20170277198332676,0.2,204
Dataset B,0.1542859773069681,0.20170277198332676,0.2,204
Dataset B,0.1550518499998766,0.20170277198332676,0.2,204
Dataset B,0.15529979725215562,0.20170277198332676,0.2,204
Dataset B,0.15877606764738497,0.20170277198332676,0.2,204
Dataset B,0.15885033720758227,0.20170277198332676,0.2,204
Dataset B,0.15965298114922075,0.20170277198332676,0.2,204
Dataset B,0.1614710669545679,0.20170277198332676,0.2,204
Dataset B,0.16253076170570976,0.20170277198332676,0.2,204
Dataset B,0.16344950547082113,0.20170277198332676,0.2,204
Dataset B,0.167340777588735,0.20170277198332676,0.2,204
Dataset B,0.16749964483008903,0.20170277198332676,0.2,204
Dataset B,0.16775802510508572,0.20170277198332676,0.2,204
Dataset B,0.1690598553534196,0.20170277198332676,0.2,204
Dataset B,0.17089660344714874,0.20170277198332676,0.2,204
Dataset B,0.17340273068352116,0.20170277198332676,0.2,204
Dataset B,0.17970459063039304,0.20170277198332676,0.2,204
Dataset B,0.18089171626232692,0.20170277198332676,0.2,204
Dataset B,0.18333047281351256,0.20170277198332676,0.2,204
Dataset B,0.18772046026029252,0.20170277198332676,0.2,204
Dataset B,0.1902626991124103,0.20170277198332676,0.2,204
Dataset B,0.20170277198332676,0.20170277198332676,0.2,204
Dataset B,0.38908496418282756,0.20170277198332676,0.2,204
Dataset B,0.39642698690416317,0.20170277198332676,0.2,204
Dataset B,0.40301953962151016,0.20170277198332676,0.2,204
Dataset B,0.45869512521347,0.20170277198332676,0.2,204
Dataset B,0.4873453487169648,0.20170277198332676,0.2,204
Dataset B,0.5239100594941987,0.20170277198332676,0.2,204
Dataset B,0.5398976278367361,0.20170277198332676,0.2,204
Dataset B,0.6111211518238299,0.20170277198332676,0.2,204
Dataset B,0.6256914931104904,0.20170277198332676,0.2,204
Dataset B,0.6513402369758559,0.20170277198332676,0.2,204
Dataset B,0.6591355740825214,0.20170277198332676,0.2,204
Dataset B,0.6686949283316673,0.20170277198332676,0.2,204
Dataset B,0.6695310317759342,0.20170277198332676,0.2,204
Dataset B,0.6733277909078983,0.20170277198332676,0.2,204
Dataset B,0.6813629716356918,0.20170277198332676,0.2,204
Dataset B,0.7140837018202908,0.20170277198332676,0.2,204
Dataset B,0.7245079360159882,0.20170277198332676,0.2,204
Dataset B,0.7415666886460879,0.20170277198332676,0.2,204
Dataset B,0.7443280335418463,0.20170277198332676,0.2,204
Dataset B,0.7454835425095173,0.20170277198332676,0.2,204
Dataset B,0.777254498361655,0.20170277198332676,0.2,204
Dataset B,0.7793643474229421,0.20170277198332676,0.2,204
Dataset B,0.7848236752945505,0.20170277198332676,0.2,204
Dataset B,0.793211176290886,0.20170277198332676,0.2,204
Dataset B,0.7949296024647157,0.20170277198332676,0.2,204
Dataset B,0.797310687982871,0.20170277198332676,0.2,204
Dataset B,0.7974121499559148,0.20170277198332676,0.2,204
Dataset B,0.7980769434961332,0.20170277198332676,0.2,204
Dataset B,0.8304202510029149,0.20170277198332676,0.2,204
Dataset B,0.8353256256893369,0.20170277198332676,0.2,204
Dataset B,0.8598392840989441,0.20170277198332676,0.2,204
Dataset B,0.8810573675968946,0.20170277198332676,0.2,204
Dataset B,0.8866230117336911,0.20170277198332676,0.2,204
Dataset B,0.8962106436180716,0.20170277198332676,0.2,204
Dataset B,0.9059853471122158,0.20170277198332676,0.2,204
Dataset B,0.9090317371687514,0.20170277198332676,0.2,204
Dataset B,0.930665594691039,0.20170277198332676,0.2,204
Dataset B,0.948844846052928,0.20170277198332676,0.2,204
Dataset B,0.9499105297158073,0.20170277198332676,0.2,204
Dataset B,0.9585468055231455,0.20170277198332676,0.2,204
Dataset B,0.9610447285026351,0.20170277198332676,0.2,204
Dataset B,0.9659249508368507,0.20170277198332676,0.2,204
Dataset B,0.9831038090513958,0.20170277198332676,0.2,204
Dataset B,0.9885110981383566,0.20170277198332676,0.2,204
Dataset C,0.060326012158340915,0.22662069650716363,0.19,204
Dataset C,0.061218467161098425,0.22662069650716363,0.19,204
Dataset C,0.06167443355948185,0.22662069650716363,0.19,204
Dataset C,0.061926531631402125,0.22662069650716363,0.19,204
Dataset C,0.06638553964534138,0.22662069650716363,0.19,204
Dataset C,0.07045711434492724,0.22662069650716363,0.19,204
Dataset C,0.0720539622587034,0.22662069650716363,0.19,204
Dataset C,0.07229971956748751,0.22662069650716363,0.19,204
Dataset C,0.07246779386004847,0.22662069650716363,0.19,204
Dataset C,0.07401092758145157,0.22662069650716363,0.19,204
Dataset C,0.07433906299942862,0.22662069650716363,0.19,204
Dataset C,0.07474048092543634,0.22662069650716363,0.19,204
Dataset C,0.07497278792845852,0.22662069650716363,0.19,204
Dataset C,0.07497470384312395,0.22662069650716363,0.19,204
Dataset C,0.07533215519418467,0.22662069650716363,0.19,204
Dataset C,0.07539942543122251,0.22662069650716363,0.19,204
Dataset C,0.0756841651543506,0.22662069650716363,0.19,204
Dataset C,0.0758974501846467,0.22662069650716363,0.19,204
Dataset C,0.07594704678483002,0.22662069650716363,0.19,204
Dataset C,0.07670697312212992,0.22662069650716363,0.19,204
Dataset C,0.07781517411609397,0.22662069650716363,0.19,204
Dataset C,0.07781850145545113,0.22662069650716363,0.19,204
Dataset C,0.07862792903893544,0.22662069650716363,0.19,204
Dataset C,0.07911612870217992,0.22662069650716363,0.19,204
Dataset C,0.0791961820120518,0.22662069650716363,0.19,204
Dataset C,0.08022285870906348,0.22662069650716363,0.19,204
Dataset C,0.08165138115487817,0.22662069650716363,0.19,204
Dataset C,0.08173010427574814,0.22662069650716363,0.19,204
Dataset C,0.08269366745414526,0.22662069650716363,0.19,204
Dataset C,0.08345231500383217,0.22662069650716363,0.19,204
Dataset C,0.08347152009165745,0.22662069650716363,0.19,204
Dataset C,0.08347537389313914,0.22662069650716363,0.19,204
Dataset C,0.0845742111744138,0.22662069650716363,0.19,204
Dataset C,0.08579187136850432,0.22662069650716363,0.19,204
Dataset C,0.08643350406152844,0.22662069650716363,0.19,204
Dataset C,0.08670055270256334,0.22662069650716363,0.19,204
Dataset C,0.08841693571838966,0.22662069650716363,0.19,204
Dataset C,0.0884280450311444,0.22662069650716363,0.19,204
Dataset C,0.08848407518812525,0.22662069650716363,0.19,204
Dataset C,0.08852103630000813,0.22662069650716363,0.19,204
Dataset C,0.08936167305330305,0.22662069650716363,0.19,204
Dataset C,0.08992906081242802,0.22662069650716363,0.19,204
Dataset C,0.0901976391506352,0.22662069650716363,0.19,204
Dataset C,0.0905138051883881,0.22662069650716363,0.19,204
Dataset C,0.0908194215381718,0.22662069650716363,0.19,204
Dataset C,0.09087106942167472,0.22662069650716363,0.19,204
Dataset C,0.09118957988085237,0.22662069650716363,0.19,204
Dataset C,0.09201799470589941,0.22662069650716363,0.19,204
Dataset C,0.09239327422234278,0.22662069650716363,0.19,204
Dataset C,0.09267398905314922,0.22662069650716363,0.19,204
Dataset C,0.09268511720358016,0.22662069650716363,0.19,204
Dataset C,0.09351509704762846,0.22662069650716363,0.19,204
Dataset C,0.09374725859352388,0.22662069650716363,0.19,204
Dataset C,0.09451726677996404,0.22662069650716363,0.19,204
Dataset C,0.09468847890701512,0.22662069650716363,0.19,204
Dataset C,0.09552321371159128,0.22662069650716363,0.19,204
Dataset C,0.09592249665964635,0.22662069650716363,0.19,204
Dataset C,0.09600110123862539,0.22662069650716363,0.19,204
Dataset C,0.09635863047868869,0.22662069650716363,0.19,204
Dataset C,0.0969211867570308,0.22662069650716363,0.19,204
Dataset C,0.09725594998263933,0.22662069650716363,0.19,204
Dataset C,0.09754077141103883,0.22662069650716363,0.19,204
Dataset C,0.09793943721031335,0.22662069650716363,0.19,204
Dataset C,0.09843268426878013,0.22662069650716363,0.19,204
Dataset C,0.09885522825272926,0.22662069650716363,0.19,204
Dataset C,0.09985701686890282,0.22662069650716363,0.19,204
Dataset C,0.09999239388559977,0.22662069650716363,0.19,204
Dataset C,0.09999268029673589,0.22662069650716363,0.19,204
Dataset C,0.10035063216614225,0.22662069650716363,0.19,204
Dataset C,0.10137856715060181,0.22662069650716363,0.19,204
Dataset C,0.10164727064452309,0.22662069650716363,0.19,204
Dataset C,0.10175725252472519,0.22662069650716363,0.19,204
Dataset C,0.10233814946330531,0.22662069650716363,0.19,204
Dataset C,0.10296043780308421,0.22662069650716363,0.19,204
Dataset C,0.1033719052821067,0.22662069650716363,0.19,204
Dataset C,0.10482301372846996,0.22662069650716363,0.19,204
Dataset C,0.10499243424200491,0.22662069650716363,0.19,204
Dataset C,0.10528621413582194,0.22662069650716363,0.19,204
Dataset C,0.10537998718475973,0.22662069650716363,0.19,204
Dataset C,0.10604809606325213,0.22662069650716363,0.19,204
Dataset C,0.1065742614703451,0.22662069650716363,0.19,204
Dataset C,0.1071677902152504,0.22662069650716363,0.19,204
Dataset C,0.10732659045873927,0.22662069650716363,0.19,204
Dataset C,0.10734248414815313,0.22662069650716363,0.19,204
Dataset C,0.10743626484812299,0.22662069650716363,0.19,204
Dataset C,0.10743626484812299,0.22662069650716363,0.19,204
Dataset C,0.10776131631279619,0.22662069650716363,0.19,204
Dataset C,0.10824045916343948,0.22662069650716363,0.19,204
Dataset C,0.108304456175709,0.22662069650716363,0.19,204
Dataset C,0.11139504264314899,0.22662069650716363,0.19,204
Dataset C,0.11245741723655961,0.22662069650716363,0.19,204
Dataset C,0.11360462066230005,0.22662069650716363,0.19,204
Dataset C,0.11410175715071903,0.22662069650716363,0.19,204
Dataset C,0.115393551411988,0.22662069650716363,0.19,204
Dataset C,0.11563159266507017,0.22662069650716363,0.19,204
Dataset C,0.11664151226093196,0.22662069650716363,0.19,204
Dataset C,0.1167301701115147,0.22662069650716363,0.19,204
Dataset C,0.11673624271342593,0.22662069650716363,0.19,204
Dataset C,0.11682375200025662,0.22662069650716363,0.19,204
Dataset C,0.11739035816632876,0.22662069650716363,0.19,204
Dataset C,0.11795583371360574,0.22662069650716363,0.19,204
Dataset C,0.11810877740464672,0.22662069650716363,0.19,204
Dataset C,0.12152215094989735,0.22662069650716363,0.19,204
Dataset C,0.12239403180227529,0.22662069650716363,0.19,204
Dataset C,0.12239403180227529,0.22662069650716363,0.19,204
Dataset C,0.12239403180227529,0.22662069650716363,0.19,204
Dataset C,0.12246802703677821,0.22662069650716363,0.19,204
Dataset C,0.12278671197719081,0.22662069650716363,0.19,204
Dataset C,0.12308521992306647,0.22662069650716363,0.19,204
Dataset C,0.12337947079375683,0.22662069650716363,0.19,204
Dataset C,0.1235150267547815,0.22662069650716363,0.19,204
Dataset C,0.12422656298064894,0.22662069650716363,0.19,204
Dataset C,0.12464202299256248,0.22662069650716363,0.19,204
Dataset C,0.12655089348733856,0.22662069650716363,0.19,204
Dataset C,0.1268534598831499,0.22662069650716363,0.19,204
Dataset C,0.1275369951694222,0.22662069650716363,0.19,204
Dataset C,0.12767382880902417,0.22662069650716363,0.19,204
Dataset C,0.12775093480242872,0.22662069650716363,0.19,204
Dataset C,0.12909023909319092,0.22662069650716363,0.19,204
Dataset C,0.12953358882150046,0.22662069650716363,0.19,204
Dataset C,0.1295418804410832,0.22662069650716363,0.19,204
Dataset C,0.12977181726542306,0.22662069650716363,0.19,204
Dataset C,0.13093859766043595,0.22662069650716363,0.19,204
Dataset C,0.13102226273056236,0.22662069650716363,0.19,204
Dataset C,0.1318023048977414,0.22662069650716363,0.19,204
Dataset C,0.1320426067461053,0.22662069650716363,0.19,204
Dataset C,0.13267593460673296,0.22662069650716363,0.19,204
Dataset C,0.1328309155068553,0.22662069650716363,0.19,204
Dataset C,0.1341127690216234,0.22662069650716363,0.19,204
Dataset C,0.13418993408497876,0.22662069650716363,0.19,204
Dataset C,0.1342111517804782,0.22662069650716363,0.19,204
Dataset C,0.13463496609215997,0.22662069650716363,0.19,204
Dataset C,0.13487988394298964,0.22662069650716363,0.19,204
Dataset C,0.13501333100569438,0.22662069650716363,0.19,204
Dataset C,0.13520920317091492,0.22662069650716363,0.19,204
Dataset C,0.13881333859272654,0.22662069650716363,0.19,204
Dataset C,0.139053927469805,0.22662069650716363,0.19,204
Dataset C,0.13921335816439326,0.22662069650716363,0.19,204
Dataset C,0.1396636133703393,0.22662069650716363,0.19,204
Dataset C,0.13980839924448116,0.22662069650716363,0.19,204
Dataset C,0.14124143163107386,0.22662069650716363,0.19,204
Dataset C,0.14140533746802766,0.22662069650716363,0.19,204
Dataset C,0.14180589429935903,0.22662069650716363,0.19,204
Dataset C,0.1419202070865024,0.22662069650716363,0.19,204
Dataset C,0.14209832457172974,0.22662069650716363,0.19,204
Dataset C,0.1424100805868517,0.22662069650716363,0.19,204
Dataset C,0.14245976472953684,0.22662069650716363,0.19,204
Dataset C,0.1432301103237714,0.22662069650716363,0.19,204
Dataset C,0.1438325760299097,0.22662069650716363,0.19,204
Dataset C,0.14383279126502815,0.22662069650716363,0.19,204
Dataset C,0.14400535568766973,0.22662069650716363,0.19,204
Dataset C,0.1443913447955024,0.22662069650716363,0.19,204
Dataset C,0.1462224963884286,0.22662069650716363,0.19,204
Dataset C,0.1467425369371526,0.22662069650716363,0.19,204
Dataset C,0.14678904640682314,0.22662069650716363,0.19,204
Dataset C,0.1475767169999678,0.22662069650716363,0.19,204
Dataset C,0.1478712485604207,0.22662069650716363,0.19,204
Dataset C,0.14788268801249707,0.22662069650716363,0.19,204
Dataset C,0.14834393227765477,0.22662069650716363,0.19,204
Dataset C,0.14922404473905967,0.22662069650716363,0.19,204
Dataset C,0.14940943670344234,0.22662069650716363,0.19,204
Dataset C,0.14960382311840043,0.22662069650716363,0.19,204
Dataset C,0.14963962299781985,0.22662069650716363,0.19,204
Dataset C,0.15017943139355,0.22662069650716363,0.19,204
Dataset C,0.15053075351365452,0.22662069650716363,0.19,204
Dataset C,0.1520329369814954,0.22662069650716363,0.19,204
Dataset C,0.15225662000952142,0.22662069650716363,0.19,204
Dataset C,0.15298913310147771,0.22662069650716363,0.19,204
Dataset C,0.15319524370225265,0.22662069650716363,0.19,204
Dataset C,0.153264824939463,0.22662069650716363,0.19,204
Dataset C,0.1546432340661142,0.22662069650716363,0.19,204
Dataset C,0.15571857304353257,0.22662069650716363,0.19,204
Dataset C,0.15671742053167267,0.22662069650716363,0.19,204
Dataset C,0.1568591969966202,0.22662069650716363,0.19,204
Dataset C,0.15769066168866702,0.22662069650716363,0.19,204
Dataset C,0.1588364897461912,0.22662069650716363,0.19,204
Dataset C,0.15902028390985543,0.22662069650716363,0.19,204
Dataset C,0.15913006814788042,0.22662069650716363,0.19,204
Dataset C,0.16001671538081624,0.22662069650716363,0.19,204
Dataset C,0.16195736668899782,0.22662069650716363,0.19,204
Dataset C,0.16228447948531957,0.22662069650716363,0.19,204
Dataset C,0.16329547467622194,0.22662069650716363,0.19,204
Dataset C,0.16333902993843916,0.22662069650716363,0.19,204
Dataset C,0.16376482835211095,0.22662069650716363,0.19,204
Dataset C,0.1648937583545549,0.22662069650716363,0.19,204
Dataset C,0.16896998334510438,0.22662069650716363,0.19,204
Dataset C,0.17048964861962082,0.22662069650716363,0.19,204
Dataset C,0.17467845615494804,0.22662069650716363,0.19,204
Dataset C,0.17675948676550585,0.22662069650716363,0.19,204
Dataset C,0.17680655442734355,0.22662069650716363,0.19,204
Dataset C,0.17734619526601272,0.22662069650716363,0.19,204
Dataset C,0.17943898923932258,0.22662069650716363,0.19,204
Dataset C,0.17995789028741588,0.22662069650716363,0.19,204
Dataset C,0.17998555815857756,0.22662069650716363,0.19,204
Dataset C,0.18042886756535076,0.22662069650716363,0.19,204
Dataset C,0.18198192426284615,0.22662069650716363,0.19,204
Dataset C,0.18203547058604808,0.22662069650716363,0.19,204
Dataset C,0.1827084286872652,0.22662069650716363,0.19,204
Dataset C,0.1827084286872652,0.22662069650716363,0.19,204
Dataset C,0.1907746075062146,0.22662069650716363,0.19,204
Dataset C,0.200185846519246,0.22662069650716363,0.19,204
Dataset C,0.2060541785331302,0.22662069650716363,0.19,204
Dataset C,0.2181556976790666,0.22662069650716363,0.19,204
Dataset C,0.2207961458911879,0.22662069650716363,0.19,204
Dataset C,0.22662069650716363,0.22662069650716363,0.19,204
Dataset C,0.3450749056884984,0.22662069650716363,0.19,204
Dataset C,0.3708091824853067,0.22662069650716363,0.19,204
Dataset C,0.39527997284433475,0.22662069650716363,0.19,204
Dataset C,0.48450895081785744,0.22662069650716363,0.19,204
Dataset C,0.48701294303281817,0.22662069650716363,0.19,204
Dataset C,0.5051970227177501,0.22662069650716363,0.19,204
Dataset C,0.5561392934927923,0.22662069650716363,0.19,204
Dataset C,0.5901559818709079,0.22662069650716363,0.19,204
Dataset C,0.6143256679180381,0.22662069650716363,0.19,204
Dataset C,0.6256914931104904,0.22662069650716363,0.19,204
Dataset C,0.6290273631670313,0.22662069650716363,0.19,204
Dataset C,0.6513402369758559,0.22662069650716363,0.19,204
Dataset C,0.6695310317759342,0.22662069650716363,0.19,204
Dataset C,0.6733277909078983,0.22662069650716363,0.19,204
Dataset C,0.6813629716356918,0.22662069650716363,0.19,204
Dataset C,0.6882962352158402,0.22662069650716363,0.19,204
Dataset C,0.7140837018202908,0.22662069650716363,0.19,204
Dataset C,0.7245079360159882,0.22662069650716363,0.19,204
Dataset C,0.7415666886460879,0.22662069650716363,0.19,204
Dataset C,0.7454835425095173,0.22662069650716363,0.19,204
Dataset C,0.7700167302793617,0.22662069650716363,0.19,204
Dataset C,0.777254498361655,0.22662069650716363,0.19,204
Dataset C,0.7793643474229421,0.22662069650716363,0.19,204
Dataset C,0.7794733072764614,0.22662069650716363,0.19,204
Dataset C,0.7848236752945505,0.22662069650716363,0.19,204
Dataset C,0.793211176290886,0.22662069650716363,0.19,204
Dataset C,0.797310687982871,0.22662069650716363,0.19,204
Dataset C,0.7980769434961332,0.22662069650716363,0.19,204
Dataset C,0.8304202510029149,0.22662069650716363,0.19,204
Dataset C,0.8421350487699318,0.22662069650716363,0.19,204
Dataset C,0.8598392840989441,0.22662069650716363,0.19,204
Dataset C,0.8714514067706962,0.22662069650716363,0.19,204
Dataset C,0.8810573675968946,0.22662069650716363,0.19,204
Dataset C,0.8962106436180716,0.22662069650716363,0.19,204
Dataset C,0.9059853471122158,0.22662069650716363,0.19,204
Dataset C,0.9090317371687514,0.22662069650716363,0.19,204
Dataset C,0.930665594691039,0.22662069650716363,0.19,204
Dataset C,0.948844846052928,0.22662069650716363,0.19,204
Dataset C,0.9499105297158073,0.22662069650716363,0.19,204
Dataset C,0.9585468055231455,0.22662069650716363,0.19,204
Dataset C,0.9610447285026351,0.22662069650716363,0.19,204
Dataset C,0.9659249508368507,0.22662069650716363,0.19,204
Dataset C,0.9831038090513958,0.22662069650716363,0.19,204
Dataset C,0.9868855311096878,0.22662069650716363,0.19,204
Dataset C,0.9885110981383566,0.22662069650716363,0.19,204
Dataset D,0.03897509025395198,0.23730676924318522,0.24,199
Dataset D,0.04007744785689222,0.23730676924318522,0.24,199
Dataset D,0.042349834756567166,0.23730676924318522,0.24,199
Dataset D,0.04339612020545465,0.23730676924318522,0.24,199
Dataset D,0.04496644573671194,0.23730676924318522,0.24,199
Dataset D,0.045037930950716336,0.23730676924318522,0.24,199
Dataset D,0.04504842481227929,0.23730676924318522,0.24,199
Dataset D,0.045593637167968715,0.23730676924318522,0.24,199
Dataset D,0.04837009347911712,0.23730676924318522,0.24,199
Dataset D,0.05093263053437995,0.23730676924318522,0.24,199
Dataset D,0.05468625838538665,0.23730676924318522,0.24,199
Dataset D,0.05560386085803459,0.23730676924318522,0.24,199
Dataset D,0.05592712877549611,0.23730676924318522,0.24,199
Dataset D,0.05692075888186381,0.23730676924318522,0.24,199
Dataset D,0.057553190658981436,0.23730676924318522,0.24,199
Dataset D,0.0587859433273801,0.23730676924318522,0.24,199
Dataset D,0.059038676407519135,0.23730676924318522,0.24,199
Dataset D,0.06543254488616333,0.23730676924318522,0.24,199
Dataset D,0.06712331793209077,0.23730676924318522,0.24,199
Dataset D,0.06745005438476753,0.23730676924318522,0.24,199
Dataset D,0.06748957520922803,0.23730676924318522,0.24,199
Dataset D,0.06767107427806547,0.23730676924318522,0.24,199
Dataset D,0.06778627728547981,0.23730676924318522,0.24,199
Dataset D,0.06954586664077801,0.23730676924318522,0.24,199
Dataset D,0.06969812063463425,0.23730676924318522,0.24,199
Dataset D,0.0699483420432506,0.23730676924318522,0.24,199
Dataset D,0.07119543151051554,0.23730676924318522,0.24,199
Dataset D,0.07124686478754465,0.23730676924318522,0.24,199
Dataset D,0.0712612053917463,0.23730676924318522,0.24,199
Dataset D,0.07262337065868772,0.23730676924318522,0.24,199
Dataset D,0.07297976472830899,0.23730676924318522,0.24,199
Dataset D,0.07303247809715994,0.23730676924318522,0.24,199
Dataset D,0.07522821562942247,0.23730676924318522,0.24,199
Dataset D,0.07655913708323187,0.23730676924318522,0.24,199
Dataset D,0.07753111487624177,0.23730676924318522,0.24,199
Dataset D,0.07789139171457286,0.23730676924318522,0.24,199
Dataset D,0.07808588787647379,0.23730676924318522,0.24,199
Dataset D,0.07851172244676209,0.23730676924318522,0.24,199
Dataset D,0.07932524218501794,0.23730676924318522,0.24,199
Dataset D,0.0800642485437821,0.23730676924318522,0.24,199
Dataset D,0.08088575899467547,0.23730676924318522,0.24,199
Dataset D,0.08243688424159216,0.23730676924318522,0.24,199
Dataset D,0.08322499203104726,0.23730676924318522,0.24,199
Dataset D,0.08385618889579291,0.23730676924318522,0.24,199
Dataset D,0.08500311717858908,0.23730676924318522,0.24,199
Dataset D,0.08544113882609479,0.23730676924318522,0.24,199
Dataset D,0.08568826893783436,0.23730676924318522,0.24,199
Dataset D,0.08656314712202544,0.23730676924318522,0.24,199
Dataset D,0.08670902193128623,0.23730676924318522,0.24,199
Dataset D,0.08696659700769047,0.23730676924318522,0.24,199
Dataset D,0.08753676193270704,0.23730676924318522,0.24,199
Dataset D,0.08775170046361211,0.23730676924318522,0.24,199
Dataset D,0.08782971856466505,0.23730676924318522,0.24,199
Dataset D,0.0893739986737956,0.23730676924318522,0.24,199
Dataset D,0.08951185831958991,0.23730676924318522,0.24,199
Dataset D,0.09048731645787565,0.23730676924318522,0.24,199
Dataset D,0.09252849869271404,0.23730676924318522,0.24,199
Dataset D,0.09320234469322515,0.23730676924318522,0.24,199
Dataset D,0.09339381665861395,0.23730676924318522,0.24,199
Dataset D,0.09380587046109891,0.23730676924318522,0.24,199
Dataset D,0.09405640155231715,0.23730676924318522,0.24,199
Dataset D,0.09437931200409816,0.23730676924318522,0.24,199
Dataset D,0.09543765391768091,0.23730676924318522,0.24,199
Dataset D,0.09574182242122581,0.23730676924318522,0.24,199
Dataset D,0.09661785151367124,0.23730676924318522,0.24,199
Dataset D,0.09675051184545122,0.23730676924318522,0.24,199
Dataset D,0.0971373025214003,0.23730676924318522,0.24,199
Dataset D,0.09739578295197662,0.23730676924318522,0.24,199
Dataset D,0.09759293038978864,0.23730676924318522,0.24,199
Dataset D,0.0980294238236289,0.23730676924318522,0.24,199
Dataset D,0.09892675552611259,0.23730676924318522,0.24,199
Dataset D,0.09893222832000231,0.23730676924318522,0.24,199
Dataset D,0.09986294684104319,0.23730676924318522,0.24,199
Dataset D,0.10187693303552922,0.23730676924318522,0.24,199
Dataset D,0.1021706780242191,0.23730676924318522,0.24,199
Dataset D,0.10219945035135446,0.23730676924318522,0.24,199
Dataset D,0.10247562442723651,0.23730676924318522,0.24,199
Dataset D,0.10251453772838821,0.23730676924318522,0.24,199
Dataset D,0.10350522641296363,0.23730676924318522,0.24,199
Dataset D,0.10440307849763353,0.23730676924318522,0.24,199
Dataset D,0.10482752710610246,0.23730676924318522,0.24,199
Dataset D,0.1052722912962045,0.23730676924318522,0.24,199
Dataset D,0.10539686448132178,0.23730676924318522,0.24,199
Dataset D,0.10664122150478121,0.23730676924318522,0.24,199
Dataset D,0.10803546051668213,0.23730676924318522,0.24,199
Dataset D,0.10908989475257294,0.23730676924318522,0.24,199
Dataset D,0.10936858500273894,0.23730676924318522,0.24,199
Dataset D,0.10938965562241934,0.23730676924318522,0.24,199
Dataset D,0.10986035010068988,0.23730676924318522,0.24,199
Dataset D,0.11040611690115813,0.23730676924318522,0.24,199
Dataset D,0.11105623300860064,0.23730676924318522,0.24,199
Dataset D,0.11115129976900143,0.23730676924318522,0.24,199
Dataset D,0.11234336463262411,0.23730676924318522,0.24,199
Dataset D,0.11272380264815667,0.23730676924318522,0.24,199
Dataset D,0.11280319797858368,0.23730676924318522,0.24,199
Dataset D,0.11299205308242108,0.23730676924318522,0.24,199
Dataset D,0.11306639905750213,0.23730676924318522,0.24,199
Dataset D,0.11440663124962472,0.23730676924318522,0.24,199
Dataset D,0.1152851715308422,0.23730676924318522,0.24,199
Dataset D,0.1155246443648827,0.23730676924318522,0.24,199
Dataset D,0.11689616615359102,0.23730676924318522,0.24,199
Dataset D,0.1171902666443039,0.23730676924318522,0.24,199
Dataset D,0.11746464496574527,0.23730676924318522,0.24,199
Dataset D,0.11815622471609517,0.23730676924318522,0.24,199
Dataset D,0.11815964438366798,0.23730676924318522,0.24,199
Dataset D,0.11839341347656539,0.23730676924318522,0.24,199
Dataset D,0.11880503705695072,0.23730676924318522,0.24,199
Dataset D,0.11944369663778528,0.23730676924318522,0.24,199
Dataset D,0.11960917127801182,0.23730676924318522,0.24,199
Dataset D,0.1198412658828583,0.23730676924318522,0.24,199
Dataset D,0.12071835783181625,0.23730676924318522,0.24,199
Dataset D,0.12091376731119545,0.23730676924318522,0.24,199
Dataset D,0.12108005142764197,0.23730676924318522,0.24,199
Dataset D,0.12148576536351587,0.23730676924318522,0.24,199
Dataset D,0.12221808453332499,0.23730676924318522,0.24,199
Dataset D,0.122229356513351,0.23730676924318522,0.24,199
Dataset D,0.12250194109234257,0.23730676924318522,0.24,199
Dataset D,0.12318879677709303,0.23730676924318522,0.24,199
Dataset D,0.12330483305798987,0.23730676924318522,0.24,199
Dataset D,0.12350582664315193,0.23730676924318522,0.24,199
Dataset D,0.12361972080434833,0.23730676924318522,0.24,199
Dataset D,0.12365516513683124,0.23730676924318522,0.24,199
Dataset D,0.12461026401733788,0.23730676924318522,0.24,199
Dataset D,0.12554775548040653,0.23730676924318522,0.24,199
Dataset D,0.1259697175266078,0.23730676924318522,0.24,199
Dataset D,0.1264340586746742,0.23730676924318522,0.24,199
Dataset D,0.1268049309525106,0.23730676924318522,0.24,199
Dataset D,0.1268502385523035,0.23730676924318522,0.24,199
Dataset D,0.12888173496659777,0.23730676924318522,0.24,199
Dataset D,0.12892296831729036,0.23730676924318522,0.24,199
Dataset D,0.12924137757228635,0.23730676924318522,0.24,199
Dataset D,0.12986956934102303,0.23730676924318522,0.24,199
Dataset D,0.13117030025364046,0.23730676924318522,0.24,199
Dataset D,0.13156081732777183,0.23730676924318522,0.24,199
Dataset D,0.13164233898414934,0.23730676924318522,0.24,199
Dataset D,0.1318078687055711,0.23730676924318522,0.24,199
Dataset D,0.13181631663098403,0.23730676924318522,0.24,199
Dataset D,0.1318337779565335,0.23730676924318522,0.24,199
Dataset D,0.13223014832864144,0.23730676924318522,0.24,199
Dataset D,0.13236530702169638,0.23730676924318522,0.24,199
Dataset D,0.13288666073795788,0.23730676924318522,0.24,199
Dataset D,0.13344900918559727,0.23730676924318522,0.24,199
Dataset D,0.13393554116090278,0.23730676924318522,0.24,199
Dataset D,0.13538812741637904,0.23730676924318522,0.24,199
Dataset D,0.13591247218573957,0.23730676924318522,0.24,199
Dataset D,0.1365574408626214,0.23730676924318522,0.24,199
Dataset D,0.13664717092000775,0.23730676924318522,0.24,199
Dataset D,0.13709668851090173,0.23730676924318522,0.24,199
Dataset D,0.13720253784068173,0.23730676924318522,0.24,199
Dataset D,0.1379541823582141,0.23730676924318522,0.24,199
Dataset D,0.13859726091687355,0.23730676924318522,0.24,199
Dataset D,0.13862308043959512,0.23730676924318522,0.24,199
Dataset D,0.13902464910617704,0.23730676924318522,0.24,199
Dataset D,0.13958884274780778,0.23730676924318522,0.24,199
Dataset D,0.14046425721958414,0.23730676924318522,0.24,199
Dataset D,0.14120316005332173,0.23730676924318522,0.24,199
Dataset D,0.1419039381049344,0.23730676924318522,0.24,199
Dataset D,0.14312161683349028,0.23730676924318522,0.24,199
Dataset D,0.14364368638767167,0.23730676924318522,0.24,199
Dataset D,0.14502858764001722,0.23730676924318522,0.24,199
Dataset D,0.14603701677774364,0.23730676924318522,0.24,199
Dataset D,0.14639430097461015,0.23730676924318522,0.24,199
Dataset D,0.14773454171839162,0.23730676924318522,0.24,199
Dataset D,0.14937422756741803,0.23730676924318522,0.24,199
Dataset D,0.14956567575140242,0.23730676924318522,0.24,199
Dataset D,0.14968120613667518,0.23730676924318522,0.24,199
Dataset D,0.15090558964560552,0.23730676924318522,0.24,199
Dataset D,0.15266235205068202,0.23730676924318522,0.24,199
Dataset D,0.15477351490323055,0.23730676924318522,0.24,199
Dataset D,0.1572757176951398,0.23730676924318522,0.24,199
Dataset D,0.15887664795348969,0.23730676924318522,0.24,199
Dataset D,0.15945901496586803,0.23730676924318522,0.24,199
Dataset D,0.16037106267867002,0.23730676924318522,0.24,199
Dataset D,0.16181799669525238,0.23730676924318522,0.24,199
Dataset D,0.16302115224693617,0.23730676924318522,0.24,199
Dataset D,0.16575684908615534,0.23730676924318522,0.24,199
Dataset D,0.1673590123494906,0.23730676924318522,0.24,199
Dataset D,0.16830465277253662,0.23730676924318522,0.24,199
Dataset D,0.1686658169840902,0.23730676924318522,0.24,199
Dataset D,0.17114165349039848,0.23730676924318522,0.24,199
Dataset D,0.17273429985802044,0.23730676924318522,0.24,199
Dataset D,0.1734769466250142,0.23730676924318522,0.24,199
Dataset D,0.17501837567407377,0.23730676924318522,0.24,199
Dataset D,0.17636911454035514,0.23730676924318522,0.24,199
Dataset D,0.17649132321674985,0.23730676924318522,0.24,199
Dataset D,0.1784284262581559,0.23730676924318522,0.24,199
Dataset D,0.1787605027869231,0.23730676924318522,0.24,199
Dataset D,0.17920081378746447,0.23730676924318522,0.24,199
Dataset D,0.18159804521146197,0.23730676924318522,0.24,199
Dataset D,0.18236963376692014,0.23730676924318522,0.24,199
Dataset D,0.18259608091279675,0.23730676924318522,0.24,199
Dataset D,0.1834815272854373,0.23730676924318522,0.24,199
Dataset D,0.1864765031921872,0.23730676924318522,0.24,199
Dataset D,0.18840788061665448,0.23730676924318522,0.24,199
Dataset D,0.1915443311895002,0.23730676924318522,0.24,199
Dataset D,0.19271741489004288,0.23730676924318522,0.24,199
Dataset D,0.19840017736311366,0.23730676924318522,0.24,199
Dataset D,0.2115442966946908,0.23730676924318522,0.24,199
Dataset D,0.23689198406979012,0.23730676924318522,0.24,199
Dataset D,0.23730676924318522,0.23730676924318522,0.24,199
Dataset D,0.3610424364330546,0.23730676924318522,0.24,199
Dataset D,0.4587326966646242,0.23730676924318522,0.24,199
Dataset D,0.5650792869493141,0.23730676924318522,0.24,199
Dataset D,0.5672656441083583,0.23730676924318522,0.24,199
Dataset D,0.5806063928095216,0.23730676924318522,0.24,199
Dataset D,0.6003646829739834,0.23730676924318522,0.24,199
Dataset D,0.6189102657001372,0.23730676924318522,0.24,199
Dataset D,0.636900712191085,0.23730676924318522,0.24,199
Dataset D,0.6469868079915755,0.23730676924318522,0.24,199
Dataset D,0.6562935714078779,0.23730676924318522,0.24,199
Dataset D,0.6646926622285101,0.23730676924318522,0.24,199
Dataset D,0.6736337719668808,0.23730676924318522,0.24,199
Dataset D,0.6759974502891635,0.23730676924318522,0.24,199
Dataset D,0.692565351887177,0.23730676924318522,0.24,199
Dataset D,0.6930010401175565,0.23730676924318522,0.24,199
Dataset D,0.7003757613486614,0.23730676924318522,0.24,199
Dataset D,0.7050967366682176,0.23730676924318522,0.24,199
Dataset D,0.7085192011136866,0.23730676924318522,0.24,199
Dataset D,0.7357285171420733,0.23730676924318522,0.24,199
Dataset D,0.7392997704632835,0.23730676924318522,0.24,199
Dataset D,0.7400552932187623,0.23730676924318522,0.24,199
Dataset D,0.7417460512934699,0.23730676924318522,0.24,199
Dataset D,0.7487490476765608,0.23730676924318522,0.24,199
Dataset D,0.7763607302203084,0.23730676924318522,0.24,199
Dataset D,0.7777427018307063,0.23730676924318522,0.24,199
Dataset D,0.8158508886368886,0.23730676924318522,0.24,199
Dataset D,0.8258761329817423,0.23730676924318522,0.24,199
Dataset D,0.8268851852351518,0.23730676924318522,0.24,199
Dataset D,0.8407082314666826,0.23730676924318522,0.24,199
Dataset D,0.8651162085722923,0.23730676924318522,0.24,199
Dataset D,0.8707380626168123,0.23730676924318522,0.24,199
Dataset D,0.8865813914354047,0.23730676924318522,0.24,199
Dataset D,0.9025508467811264,0.23730676924318522,0.24,199
Dataset D,0.9028727222529175,0.23730676924318522,0.24,199
Dataset D,0.9062872281447893,0.23730676924318522,0.24,199
Dataset D,0.9090625414790403,0.23730676924318522,0.24,199
Dataset D,0.9140649855626659,0.23730676924318522,0.24,199
Dataset D,0.9321332933812234,0.23730676924318522,0.24,199
Dataset D,0.9383355302221329,0.23730676924318522,0.24,199
Dataset D,0.9456760155905882,0.23730676924318522,0.24,199
Dataset D,0.9475800552294279,0.23730676924318522,0.24,199
Dataset D,0.9520228261633167,0.23730676924318522,0.24,199
Dataset D,0.957280567799836,0.23730676924318522,0.24,199
Dataset D,0.9856788011870328,0.23730676924318522,0.24,199
Dataset D,0.9916455956489039,0.23730676924318522,0.24,199
Dataset D,0.9990494859423722,0.23730676924318522,0.24,199
Dataset E,0.050559299082203135,0.24434031857159744,0.23,199
Dataset E,0.05230756896650685,0.24434031857159744,0.23,199
Dataset E,0.05341656548985819,0.24434031857159744,0.23,199
Dataset E,0.05426710242800411,0.24434031857159744,0.23,199
Dataset E,0.055905414614757426,0.24434031857159744,0.23,199
Dataset E,0.06027976631844658,0.24434031857159744,0.23,199
Dataset E,0.06215429282832421,0.24434031857159744,0.23,199
Dataset E,0.06239585772888567,0.24434031857159744,0.23,199
Dataset E,0.06339118636837197,0.24434031857159744,0.23,199
Dataset E,0.063695115009135,0.24434031857159744,0.23,199
Dataset E,0.06419620706581552,0.24434031857159744,0.23,199
Dataset E,0.06478376058222522,0.24434031857159744,0.23,199
Dataset E,0.06528878566521146,0.24434031857159744,0.23,199
Dataset E,0.06625160061742959,0.24434031857159744,0.23,199
Dataset E,0.06748710380526077,0.24434031857159744,0.23,199
Dataset E,0.06761611829146322,0.24434031857159744,0.23,199
Dataset E,0.06848186348526723,0.24434031857159744,0.23,199
Dataset E,0.06967662239377503,0.24434031857159744,0.23,199
Dataset E,0.07227957583944877,0.24434031857159744,0.23,199
Dataset E,0.07238028509684867,0.24434031857159744,0.23,199
Dataset E,0.0728478842868454,0.24434031857159744,0.23,199
Dataset E,0.07382226080454433,0.24434031857159744,0.23,199
Dataset E,0.07647497441374057,0.24434031857159744,0.23,199
Dataset E,0.07749196323370945,0.24434031857159744,0.23,199
Dataset E,0.077759559151767,0.24434031857159744,0.23,199
Dataset E,0.0781230808889637,0.24434031857159744,0.23,199
Dataset E,0.07833545649008275,0.24434031857159744,0.23,199
Dataset E,0.07837393917172294,0.24434031857159744,0.23,199
Dataset E,0.07844985943923398,0.24434031857159744,0.23,199
Dataset E,0.07855935807883281,0.24434031857159744,0.23,199
Dataset E,0.07914623006621378,0.24434031857159744,0.23,199
Dataset E,0.07961131482174083,0.24434031857159744,0.23,199
Dataset E,0.08087210003756036,0.24434031857159744,0.23,199
Dataset E,0.08205409748146432,0.24434031857159744,0.23,199
Dataset E,0.08251240279982483,0.24434031857159744,0.23,199
Dataset E,0.0835001060541065,0.24434031857159744,0.23,199
Dataset E,0.08354092244240778,0.24434031857159744,0.23,199
Dataset E,0.08443513127949286,0.24434031857159744,0.23,199
Dataset E,0.08517456990435367,0.24434031857159744,0.23,199
Dataset E,0.08522760075557687,0.24434031857159744,0.23,199
Dataset E,0.08526182193494433,0.24434031857159744,0.23,199
Dataset E,0.08560514764374678,0.24434031857159744,0.23,199
Dataset E,0.08567034730474439,0.24434031857159744,0.23,199
Dataset E,0.08603430014060767,0.24434031857159744,0.23,199
Dataset E,0.08622147183932095,0.24434031857159744,0.23,199
Dataset E,0.08626061118250662,0.24434031857159744,0.23,199
Dataset E,0.08641017441209754,0.24434031857159744,0.23,199
Dataset E,0.08683081777782237,0.24434031857159744,0.23,199
Dataset E,0.08718902405736559,0.24434031857159744,0.23,199
Dataset E,0.08724367734764849,0.24434031857159744,0.23,199
Dataset E,0.08801585794478434,0.24434031857159744,0.23,199
Dataset E,0.08846202381066748,0.24434031857159744,0.23,199
Dataset E,0.08905605302927376,0.24434031857159744,0.23,199
Dataset E,0.08935270708725777,0.24434031857159744,0.23,199
Dataset E,0.09016311604258911,0.24434031857159744,0.23,199
Dataset E,0.09069390626154662,0.24434031857159744,0.23,199
Dataset E,0.09156554708570505,0.24434031857159744,0.23,199
Dataset E,0.09184820036196951,0.24434031857159744,0.23,199
Dataset E,0.09302905457408514,0.24434031857159744,0.23,199
Dataset E,0.09377131151288724,0.24434031857159744,0.23,199
Dataset E,0.09379062639256558,0.24434031857159744,0.23,199
Dataset E,0.09481774315307244,0.24434031857159744,0.23,199
Dataset E,0.09556145415190204,0.24434031857159744,0.23,199
Dataset E,0.0962257186263454,0.24434031857159744,0.23,199
Dataset E,0.09649199251288287,0.24434031857159744,0.23,199
Dataset E,0.0965283474500054,0.24434031857159744,0.23,199
Dataset E,0.0968526442163501,0.24434031857159744,0.23,199
Dataset E,0.09705954471833665,0.24434031857159744,0.23,199
Dataset E,0.09715778375222961,0.24434031857159744,0.23,199
Dataset E,0.098381891393895,0.24434031857159744,0.23,199
Dataset E,0.0989142493697252,0.24434031857159744,0.23,199
Dataset E,0.09925368425519975,0.24434031857159744,0.23,199
Dataset E,0.09995769756221894,0.24434031857159744,0.23,199
Dataset E,0.10015180751818377,0.24434031857159744,0.23,199
Dataset E,0.10036201360800456,0.24434031857159744,0.23,199
Dataset E,0.10074268128944022,0.24434031857159744,0.23,199
Dataset E,0.10140728775220105,0.24434031857159744,0.23,199
Dataset E,0.10173182381520372,0.24434031857159744,0.23,199
Dataset E,0.1018953284642335,0.24434031857159744,0.23,199
Dataset E,0.10211049500583422,0.24434031857159744,0.23,199
Dataset E,0.1021960985908497,0.24434031857159744,0.23,199
Dataset E,0.10254951692761871,0.24434031857159744,0.23,199
Dataset E,0.1034824058208375,0.24434031857159744,0.23,199
Dataset E,0.10352645963361067,0.24434031857159744,0.23,199
Dataset E,0.1047452755058616,0.24434031857159744,0.23,199
Dataset E,0.10520751875604613,0.24434031857159744,0.23,199
Dataset E,0.10638018289473941,0.24434031857159744,0.23,199
Dataset E,0.10695737040023909,0.24434031857159744,0.23,199
Dataset E,0.10753297789826277,0.24434031857159744,0.23,199
Dataset E,0.10810409968256389,0.24434031857159744,0.23,199
Dataset E,0.10821860391809887,0.24434031857159744,0.23,199
Dataset E,0.10827884845409395,0.24434031857159744,0.23,199
Dataset E,0.10903217589534549,0.24434031857159744,0.23,199
Dataset E,0.10943353880934047,0.24434031857159744,0.23,199
Dataset E,0.11023776366871184,0.24434031857159744,0.23,199
Dataset E,0.11055390394931947,0.24434031857159744,0.23,199
Dataset E,0.11129042719189673,0.24434031857159744,0.23,199
Dataset E,0.112757636300676,0.24434031857159744,0.23,199
Dataset E,0.11308008918360286,0.24434031857159744,0.23,199
Dataset E,0.11314326921765089,0.24434031857159744,0.23,199
Dataset E,0.11370201609801922,0.24434031857159744,0.23,199
Dataset E,0.1137305281093265,0.24434031857159744,0.23,199
Dataset E,0.11375332566037144,0.24434031857159744,0.23,199
Dataset E,0.11511000730186301,0.24434031857159744,0.23,199
Dataset E,0.11528884433445577,0.24434031857159744,0.23,199
Dataset E,0.11661402528255538,0.24434031857159744,0.23,199
Dataset E,0.11754626074495926,0.24434031857159744,0.23,199
Dataset E,0.11798618210006125,0.24434031857159744,0.23,199
Dataset E,0.11870089777449645,0.24434031857159744,0.23,199
Dataset E,0.1187348722592453,0.24434031857159744,0.23,199
Dataset E,0.1192529556032358,0.24434031857159744,0.23,199
Dataset E,0.12038765459026411,0.24434031857159744,0.23,199
Dataset E,0.12081825530363301,0.24434031857159744,0.23,199
Dataset E,0.1210445472504606,0.24434031857159744,0.23,199
Dataset E,0.12244432754836948,0.24434031857159744,0.23,199
Dataset E,0.12262579325087272,0.24434031857159744,0.23,199
Dataset E,0.12264151740684891,0.24434031857159744,0.23,199
Dataset E,0.12365074548690774,0.24434031857159744,0.23,199
Dataset E,0.12385151908186826,0.24434031857159744,0.23,199
Dataset E,0.12403213083955021,0.24434031857159744,0.23,199
Dataset E,0.12464830274437098,0.24434031857159744,0.23,199
Dataset E,0.12667578073386215,0.24434031857159744,0.23,199
Dataset E,0.12722917516652207,0.24434031857159744,0.23,199
Dataset E,0.1273367849286928,0.24434031857159744,0.23,199
Dataset E,0.12741322855110085,0.24434031857159744,0.23,199
Dataset E,0.12752839173644925,0.24434031857159744,0.23,199
Dataset E,0.1277613658873665,0.24434031857159744,0.23,199
Dataset E,0.12809608393358443,0.24434031857159744,0.23,199
Dataset E,0.12861958664202167,0.24434031857159744,0.23,199
Dataset E,0.12966354604974809,0.24434031857159744,0.23,199
Dataset E,0.1297954310983796,0.24434031857159744,0.23,199
Dataset E,0.13103174808447224,0.24434031857159744,0.23,199
Dataset E,0.13153405604075102,0.24434031857159744,0.23,199
Dataset E,0.13156985484803024,0.24434031857159744,0.23,199
Dataset E,0.13176934751448602,0.24434031857159744,0.23,199
Dataset E,0.13239649188609684,0.24434031857159744,0.23,199
Dataset E,0.1328580353726287,0.24434031857159744,0.23,199
Dataset E,0.1333761346936122,0.24434031857159744,0.23,199
Dataset E,0.13702347511386598,0.24434031857159744,0.23,199
Dataset E,0.13702908304898187,0.24434031857159744,0.23,199
Dataset E,0.13746999574107613,0.24434031857159744,0.23,199
Dataset E,0.13771882054427256,0.24434031857159744,0.23,199
Dataset E,0.13815224864601458,0.24434031857159744,0.23,199
Dataset E,0.13827626594841463,0.24434031857159744,0.23,199
Dataset E,0.13884325865403363,0.24434031857159744,0.23,199
Dataset E,0.14046737740360943,0.24434031857159744,0.23,199
Dataset E,0.14051060596625628,0.24434031857159744,0.23,199
Dataset E,0.14272248607317842,0.24434031857159744,0.23,199
Dataset E,0.14488859179368438,0.24434031857159744,0.23,199
Dataset E,0.14546919100353964,0.24434031857159744,0.23,199
Dataset E,0.14618027380064916,0.24434031857159744,0.23,199
Dataset E,0.14641418178025545,0.24434031857159744,0.23,199
Dataset E,0.14676286714246095,0.24434031857159744,0.23,199
Dataset E,0.14722166477010087,0.24434031857159744,0.23,199
Dataset E,0.14793167316980305,0.24434031857159744,0.23,199
Dataset E,0.1484426746722275,0.24434031857159744,0.23,199
Dataset E,0.1490954621647113,0.24434031857159744,0.23,199
Dataset E,0.15047446539027362,0.24434031857159744,0.23,199
Dataset E,0.1505032945869546,0.24434031857159744,0.23,199
Dataset E,0.15136040802582126,0.24434031857159744,0.23,199
Dataset E,0.1524962601584697,0.24434031857159744,0.23,199
Dataset E,0.15266799012297935,0.24434031857159744,0.23,199
Dataset E,0.15279728260960893,0.24434031857159744,0.23,199
Dataset E,0.15299490623537437,0.24434031857159744,0.23,199
Dataset E,0.15328851340816457,0.24434031857159744,0.23,199
Dataset E,0.15450141174609092,0.24434031857159744,0.23,199
Dataset E,0.15482350193262653,0.24434031857159744,0.23,199
Dataset E,0.155480086665587,0.24434031857159744,0.23,199
Dataset E,0.15689053793069582,0.24434031857159744,0.23,199
Dataset E,0.15712743646723534,0.24434031857159744,0.23,199
Dataset E,0.15855267644575965,0.24434031857159744,0.23,199
Dataset E,0.15910240026755162,0.24434031857159744,0.23,199
Dataset E,0.15964271819865428,0.24434031857159744,0.23,199
Dataset E,0.1598207640979157,0.24434031857159744,0.23,199
Dataset E,0.160644563632585,0.24434031857159744,0.23,199
Dataset E,0.16114270174335218,0.24434031857159744,0.23,199
Dataset E,0.1620957220688668,0.24434031857159744,0.23,199
Dataset E,0.16464295312128377,0.24434031857159744,0.23,199
Dataset E,0.16839161099515124,0.24434031857159744,0.23,199
Dataset E,0.1688462439380161,0.24434031857159744,0.23,199
Dataset E,0.16919999510358466,0.24434031857159744,0.23,199
Dataset E,0.17039353686523903,0.24434031857159744,0.23,199
Dataset E,0.1705805911329877,0.24434031857159744,0.23,199
Dataset E,0.17087585756351814,0.24434031857159744,0.23,199
Dataset E,0.17815731221925868,0.24434031857159744,0.23,199
Dataset E,0.18005463131370972,0.24434031857159744,0.23,199
Dataset E,0.18148227509530193,0.24434031857159744,0.23,199
Dataset E,0.1829914998271233,0.24434031857159744,0.23,199
Dataset E,0.18361872577167707,0.24434031857159744,0.23,199
Dataset E,0.1886854878057967,0.24434031857159744,0.23,199
Dataset E,0.1911169042615412,0.24434031857159744,0.23,199
Dataset E,0.19116788513042524,0.24434031857159744,0.23,199
Dataset E,0.19895217155681647,0.24434031857159744,0.23,199
Dataset E,0.2009878424871464,0.24434031857159744,0.23,199
Dataset E,0.20490979664307368,0.24434031857159744,0.23,199
Dataset E,0.21288814954722138,0.24434031857159744,0.23,199
Dataset E,0.21850788837219115,0.24434031857159744,0.23,199
Dataset E,0.2233898270295557,0.24434031857159744,0.23,199
Dataset E,0.22428585566593975,0.24434031857159744,0.23,199
Dataset E,0.24434031857159744,0.24434031857159744,0.23,199
Dataset E,0.3695848713961258,0.24434031857159744,0.23,199
Dataset E,0.47224786681681746,0.24434031857159744,0.23,199
Dataset E,0.5650792869493141,0.24434031857159744,0.23,199
Dataset E,0.5806063928095216,0.24434031857159744,0.23,199
Dataset E,0.5847282999834996,0.24434031857159744,0.23,199
Dataset E,0.6003646829739834,0.24434031857159744,0.23,199
Dataset E,0.6189102657001372,0.24434031857159744,0.23,199
Dataset E,0.6391018409037967,0.24434031857159744,0.23,199
Dataset E,0.6469868079915755,0.24434031857159744,0.23,199
Dataset E,0.6562935714078779,0.24434031857159744,0.23,199
Dataset E,0.6759974502891635,0.24434031857159744,0.23,199
Dataset E,0.6885860448681568,0.24434031857159744,0.23,199
Dataset E,0.692565351887177,0.24434031857159744,0.23,199
Dataset E,0.6930010401175565,0.24434031857159744,0.23,199
Dataset E,0.7003757613486614,0.24434031857159744,0.23,199
Dataset E,0.7050967366682176,0.24434031857159744,0.23,199
Dataset E,0.7203448225890232,0.24434031857159744,0.23,199
Dataset E,0.7357285171420733,0.24434031857159744,0.23,199
Dataset E,0.7361773512188284,0.24434031857159744,0.23,199
Dataset E,0.7392997704632835,0.24434031857159744,0.23,199
Dataset E,0.7400552932187623,0.24434031857159744,0.23,199
Dataset E,0.7417460512934699,0.24434031857159744,0.23,199
Dataset E,0.7487490476765608,0.24434031857159744,0.23,199
Dataset E,0.7777427018307063,0.24434031857159744,0.23,199
Dataset E,0.7792747710093864,0.24434031857159744,0.23,199
Dataset E,0.8258761329817423,0.24434031857159744,0.23,199
Dataset E,0.8263818938183651,0.24434031857159744,0.23,199
Dataset E,0.8268851852351518,0.24434031857159744,0.23,199
Dataset E,0.8379220164952111,0.24434031857159744,0.23,199
Dataset E,0.8651162085722923,0.24434031857159744,0.23,199
Dataset E,0.8707380626168123,0.24434031857159744,0.23,199
Dataset E,0.8865813914354047,0.24434031857159744,0.23,199
Dataset E,0.9028727222529175,0.24434031857159744,0.23,199
Dataset E,0.9062872281447893,0.24434031857159744,0.23,199
Dataset E,0.9140649855626659,0.24434031857159744,0.23,199
Dataset E,0.9224606439731445,0.24434031857159744,0.23,199
Dataset E,0.9321332933812234,0.24434031857159744,0.23,199
Dataset E,0.9383355302221329,0.24434031857159744,0.23,199
Dataset E,0.9456760155905882,0.24434031857159744,0.23,199
Dataset E,0.9520228261633167,0.24434031857159744,0.23,199
Dataset E,0.957280567799836,0.24434031857159744,0.23,199
Dataset E,0.9856788011870328,0.24434031857159744,0.23,199
Dataset E,0.9875488277654769,0.24434031857159744,0.23,199
Dataset E,0.9916455956489039,0.24434031857159744,0.23,199
Dataset E,0.9990494859423722,0.24434031857159744,0.23,199
Dataset F,0.05547310058548476,0.24870524766335325,0.21,203
Dataset F,0.063695115009135,0.24870524766335325,0.21,203
Dataset F,0.06492712265365948,0.24870524766335325,0.21,203
Dataset F,0.06528878566521146,0.24870524766335325,0.21,203
Dataset F,0.06534886601784994,0.24870524766335325,0.21,203
Dataset F,0.06604431202271265,0.24870524766335325,0.21,203
Dataset F,0.06625160061742959,0.24870524766335325,0.21,203
Dataset F,0.06748710380526077,0.24870524766335325,0.21,203
Dataset F,0.06848186348526723,0.24870524766335325,0.21,203
Dataset F,0.06967662239377503,0.24870524766335325,0.21,203
Dataset F,0.07215268915283489,0.24870524766335325,0.21,203
Dataset F,0.07227957583944877,0.24870524766335325,0.21,203
Dataset F,0.07382226080454433,0.24870524766335325,0.21,203
Dataset F,0.07433426422919552,0.24870524766335325,0.21,203
Dataset F,0.07475490212241746,0.24870524766335325,0.21,203
Dataset F,0.07647497441374057,0.24870524766335325,0.21,203
Dataset F,0.07749196323370945,0.24870524766335325,0.21,203
Dataset F,0.077759559151767,0.24870524766335325,0.21,203
Dataset F,0.0781230808889637,0.24870524766335325,0.21,203
Dataset F,0.07833545649008275,0.24870524766335325,0.21,203
Dataset F,0.07837393917172294,0.24870524766335325,0.21,203
Dataset F,0.07844985943923398,0.24870524766335325,0.21,203
Dataset F,0.07855935807883281,0.24870524766335325,0.21,203
Dataset F,0.07914623006621378,0.24870524766335325,0.21,203
Dataset F,0.07990294343296857,0.24870524766335325,0.21,203
Dataset F,0.08087210003756036,0.24870524766335325,0.21,203
Dataset F,0.08205409748146432,0.24870524766335325,0.21,203
Dataset F,0.08251240279982483,0.24870524766335325,0.21,203
Dataset F,0.0835001060541065,0.24870524766335325,0.21,203
Dataset F,0.08354092244240778,0.24870524766335325,0.21,203
Dataset F,0.08443513127949286,0.24870524766335325,0.21,203
Dataset F,0.08517456990435367,0.24870524766335325,0.21,203
Dataset F,0.08526182193494433,0.24870524766335325,0.21,203
Dataset F,0.08560514764374678,0.24870524766335325,0.21,203
Dataset F,0.08567034730474439,0.24870524766335325,0.21,203
Dataset F,0.08603430014060767,0.24870524766335325,0.21,203
Dataset F,0.08622147183932095,0.24870524766335325,0.21,203
Dataset F,0.08626061118250662,0.24870524766335325,0.21,203
Dataset F,0.08641017441209754,0.24870524766335325,0.21,203
Dataset F,0.08683081777782237,0.24870524766335325,0.21,203
Dataset F,0.08718902405736559,0.24870524766335325,0.21,203
Dataset F,0.08724367734764849,0.24870524766335325,0.21,203
Dataset F,0.08801585794478434,0.24870524766335325,0.21,203
Dataset F,0.08846202381066748,0.24870524766335325,0.21,203
Dataset F,0.08878764698399833,0.24870524766335325,0.21,203
Dataset F,0.08905605302927376,0.24870524766335325,0.21,203
Dataset F,0.08935270708725777,0.24870524766335325,0.21,203
Dataset F,0.09016311604258911,0.24870524766335325,0.21,203
Dataset F,0.09069390626154662,0.24870524766335325,0.21,203
Dataset F,0.09150480940769518,0.24870524766335325,0.21,203
Dataset F,0.09156554708570505,0.24870524766335325,0.21,203
Dataset F,0.09184820036196951,0.24870524766335325,0.21,203
Dataset F,0.09302905457408514,0.24870524766335325,0.21,203
Dataset F,0.09377131151288724,0.24870524766335325,0.21,203
Dataset F,0.09379062639256558,0.24870524766335325,0.21,203
Dataset F,0.09481774315307244,0.24870524766335325,0.21,203
Dataset F,0.0962257186263454,0.24870524766335325,0.21,203
Dataset F,0.0965283474500054,0.24870524766335325,0.21,203
Dataset F,0.0968526442163501,0.24870524766335325,0.21,203
Dataset F,0.09705954471833665,0.24870524766335325,0.21,203
Dataset F,0.09715778375222961,0.24870524766335325,0.21,203
Dataset F,0.098381891393895,0.24870524766335325,0.21,203
Dataset F,0.0989142493697252,0.24870524766335325,0.21,203
Dataset F,0.09925368425519975,0.24870524766335325,0.21,203
Dataset F,0.09995769756221894,0.24870524766335325,0.21,203
Dataset F,0.10015180751818377,0.24870524766335325,0.21,203
Dataset F,0.10036201360800456,0.24870524766335325,0.21,203
Dataset F,0.10074268128944022,0.24870524766335325,0.21,203
Dataset F,0.10173182381520372,0.24870524766335325,0.21,203
Dataset F,0.1018953284642335,0.24870524766335325,0.21,203
Dataset F,0.10211049500583422,0.24870524766335325,0.21,203
Dataset F,0.1021960985908497,0.24870524766335325,0.21,203
Dataset F,0.10254951692761871,0.24870524766335325,0.21,203
Dataset F,0.1034824058208375,0.24870524766335325,0.21,203
Dataset F,0.10352645963361067,0.24870524766335325,0.21,203
Dataset F,0.1038258747663701,0.24870524766335325,0.21,203
Dataset F,0.1047452755058616,0.24870524766335325,0.21,203
Dataset F,0.10520751875604613,0.24870524766335325,0.21,203
Dataset F,0.10638018289473941,0.24870524766335325,0.21,203
Dataset F,0.10695737040023909,0.24870524766335325,0.21,203
Dataset F,0.10753297789826277,0.24870524766335325,0.21,203
Dataset F,0.10810409968256389,0.24870524766335325,0.21,203
Dataset F,0.10815305690413006,0.24870524766335325,0.21,203
Dataset F,0.10821860391809887,0.24870524766335325,0.21,203
Dataset F,0.10827884845409395,0.24870524766335325,0.21,203
Dataset F,0.10903217589534549,0.24870524766335325,0.21,203
Dataset F,0.10943353880934047,0.24870524766335325,0.21,203
Dataset F,0.11023776366871184,0.24870524766335325,0.21,203
Dataset F,0.11055390394931947,0.24870524766335325,0.21,203
Dataset F,0.11129042719189673,0.24870524766335325,0.21,203
Dataset F,0.112757636300676,0.24870524766335325,0.21,203
Dataset F,0.11308008918360286,0.24870524766335325,0.21,203
Dataset F,0.11314326921765089,0.24870524766335325,0.21,203
Dataset F,0.11370201609801922,0.24870524766335325,0.21,203
Dataset F,0.1137305281093265,0.24870524766335325,0.21,203
Dataset F,0.11375332566037144,0.24870524766335325,0.21,203
Dataset F,0.11511000730186301,0.24870524766335325,0.21,203
Dataset F,0.11528884433445577,0.24870524766335325,0.21,203
Dataset F,0.11661402528255538,0.24870524766335325,0.21,203
Dataset F,0.11754626074495926,0.24870524766335325,0.21,203
Dataset F,0.1178511684183535,0.24870524766335325,0.21,203
Dataset F,0.11798618210006125,0.24870524766335325,0.21,203
Dataset F,0.11870089777449645,0.24870524766335325,0.21,203
Dataset F,0.1187348722592453,0.24870524766335325,0.21,203
Dataset F,0.1192529556032358,0.24870524766335325,0.21,203
Dataset F,0.12038765459026411,0.24870524766335325,0.21,203
Dataset F,0.12081825530363301,0.24870524766335325,0.21,203
Dataset F,0.1210445472504606,0.24870524766335325,0.21,203
Dataset F,0.12127019507170009,0.24870524766335325,0.21,203
Dataset F,0.12244432754836948,0.24870524766335325,0.21,203
Dataset F,0.12262579325087272,0.24870524766335325,0.21,203
Dataset F,0.12264151740684891,0.24870524766335325,0.21,203
Dataset F,0.12365074548690774,0.24870524766335325,0.21,203
Dataset F,0.12385151908186826,0.24870524766335325,0.21,203
Dataset F,0.12403213083955021,0.24870524766335325,0.21,203
Dataset F,0.12464830274437098,0.24870524766335325,0.21,203
Dataset F,0.12563895341617223,0.24870524766335325,0.21,203
Dataset F,0.12667578073386215,0.24870524766335325,0.21,203
Dataset F,0.12722917516652207,0.24870524766335325,0.21,203
Dataset F,0.1273367849286928,0.24870524766335325,0.21,203
Dataset F,0.12741322855110085,0.24870524766335325,0.21,203
Dataset F,0.12752839173644925,0.24870524766335325,0.21,203
Dataset F,0.1277613658873665,0.24870524766335325,0.21,203
Dataset F,0.12809608393358443,0.24870524766335325,0.21,203
Dataset F,0.12861958664202167,0.24870524766335325,0.21,203
Dataset F,0.12966354604974809,0.24870524766335325,0.21,203
Dataset F,0.1297954310983796,0.24870524766335325,0.21,203
Dataset F,0.13103174808447224,0.24870524766335325,0.21,203
Dataset F,0.13153405604075102,0.24870524766335325,0.21,203
Dataset F,0.13156985484803024,0.24870524766335325,0.21,203
Dataset F,0.13176934751448602,0.24870524766335325,0.21,203
Dataset F,0.13239649188609684,0.24870524766335325,0.21,203
Dataset F,0.1328580353726287,0.24870524766335325,0.21,203
Dataset F,0.1333761346936122,0.24870524766335325,0.21,203
Dataset F,0.13702347511386598,0.24870524766335325,0.21,203
Dataset F,0.13702908304898187,0.24870524766335325,0.21,203
Dataset F,0.13746999574107613,0.24870524766335325,0.21,203
Dataset F,0.13751800297025063,0.24870524766335325,0.21,203
Dataset F,0.13771882054427256,0.24870524766335325,0.21,203
Dataset F,0.13791773792486794,0.24870524766335325,0.21,203
Dataset F,0.13815224864601458,0.24870524766335325,0.21,203
Dataset F,0.13884325865403363,0.24870524766335325,0.21,203
Dataset F,0.14046737740360943,0.24870524766335325,0.21,203
Dataset F,0.14051060596625628,0.24870524766335325,0.21,203
Dataset F,0.14272248607317842,0.24870524766335325,0.21,203
Dataset F,0.14488859179368438,0.24870524766335325,0.21,203
Dataset F,0.14546919100353964,0.24870524766335325,0.21,203
Dataset F,0.14618027380064916,0.24870524766335325,0.21,203
Dataset F,0.14641418178025545,0.24870524766335325,0.21,203
Dataset F,0.14676286714246095,0.24870524766335325,0.21,203
Dataset F,0.14722166477010087,0.24870524766335325,0.21,203
Dataset F,0.14793167316980305,0.24870524766335325,0.21,203
Dataset F,0.1484426746722275,0.24870524766335325,0.21,203
Dataset F,0.14956372698715467,0.24870524766335325,0.21,203
Dataset F,0.15047446539027362,0.24870524766335325,0.21,203
Dataset F,0.1505032945869546,0.24870524766335325,0.21,203
Dataset F,0.15136040802582126,0.24870524766335325,0.21,203
Dataset F,0.1524962601584697,0.24870524766335325,0.21,203
Dataset F,0.15266799012297935,0.24870524766335325,0.21,203
Dataset F,0.15279728260960893,0.24870524766335325,0.21,203
Dataset F,0.15299490623537437,0.24870524766335325,0.21,203
Dataset F,0.15328851340816457,0.24870524766335325,0.21,203
Dataset F,0.15450141174609092,0.24870524766335325,0.21,203
Dataset F,0.15482350193262653,0.24870524766335325,0.21,203
Dataset F,0.15540634312813367,0.24870524766335325,0.21,203
Dataset F,0.155480086665587,0.24870524766335325,0.21,203
Dataset F,0.15689053793069582,0.24870524766335325,0.21,203
Dataset F,0.15712743646723534,0.24870524766335325,0.21,203
Dataset F,0.15855267644575965,0.24870524766335325,0.21,203
Dataset F,0.15910240026755162,0.24870524766335325,0.21,203
Dataset F,0.15964271819865428,0.24870524766335325,0.21,203
Dataset F,0.1598207640979157,0.24870524766335325,0.21,203
Dataset F,0.160644563632585,0.24870524766335325,0.21,203
Dataset F,0.16114270174335218,0.24870524766335325,0.21,203
Dataset F,0.16158184794460864,0.24870524766335325,0.21,203
Dataset F,0.1620957220688668,0.24870524766335325,0.21,203
Dataset F,0.16298071613810122,0.24870524766335325,0.21,203
Dataset F,0.16464295312128377,0.24870524766335325,0.21,203
Dataset F,0.16839161099515124,0.24870524766335325,0.21,203
Dataset F,0.16919999510358466,0.24870524766335325,0.21,203
Dataset F,0.17039353686523903,0.24870524766335325,0.21,203
Dataset F,0.1705805911329877,0.24870524766335325,0.21,203
Dataset F,0.17087585756351814,0.24870524766335325,0.21,203
Dataset F,0.17140839176975745,0.24870524766335325,0.21,203
Dataset F,0.17454259692170548,0.24870524766335325,0.21,203
Dataset F,0.17815731221925868,0.24870524766335325,0.21,203
Dataset F,0.18148227509530193,0.24870524766335325,0.21,203
Dataset F,0.1818010073800282,0.24870524766335325,0.21,203
Dataset F,0.18311880557570118,0.24870524766335325,0.21,203
Dataset F,0.18361872577167707,0.24870524766335325,0.21,203
Dataset F,0.1886854878057967,0.24870524766335325,0.21,203
Dataset F,0.1911169042615412,0.24870524766335325,0.21,203
Dataset F,0.19116788513042524,0.24870524766335325,0.21,203
Dataset F,0.19895217155681647,0.24870524766335325,0.21,203
Dataset F,0.2009878424871464,0.24870524766335325,0.21,203
Dataset F,0.20490979664307368,0.24870524766335325,0.21,203
Dataset F,0.21288814954722138,0.24870524766335325,0.21,203
Dataset F,0.21537604342655545,0.24870524766335325,0.21,203
Dataset F,0.21850788837219115,0.24870524766335325,0.21,203
Dataset F,0.22428585566593975,0.24870524766335325,0.21,203
Dataset F,0.23157759466618358,0.24870524766335325,0.21,203
Dataset F,0.23171377854539693,0.24870524766335325,0.21,203
Dataset F,0.24434031857159744,0.24870524766335325,0.21,203
Dataset F,0.24870524766335325,0.24870524766335325,0.21,203
Dataset F,0.3695848713961258,0.24870524766335325,0.21,203
Dataset F,0.47224786681681746,0.24870524766335325,0.21,203
Dataset F,0.5806063928095216,0.24870524766335325,0.21,203
Dataset F,0.5847282999834996,0.24870524766335325,0.21,203
Dataset F,0.5940345306605003,0.24870524766335325,0.21,203
Dataset F,0.614170347578171,0.24870524766335325,0.21,203
Dataset F,0.6298224212915939,0.24870524766335325,0.21,203
Dataset F,0.6469868079915755,0.24870524766335325,0.21,203
Dataset F,0.6759974502891635,0.24870524766335325,0.21,203
Dataset F,0.6885860448681568,0.24870524766335325,0.21,203
Dataset F,0.692565351887177,0.24870524766335325,0.21,203
Dataset F,0.6930010401175565,0.24870524766335325,0.21,203
Dataset F,0.7003757613486614,0.24870524766335325,0.21,203
Dataset F,0.7050967366682176,0.24870524766335325,0.21,203
Dataset F,0.7118846205797865,0.24870524766335325,0.21,203
Dataset F,0.7203448225890232,0.24870524766335325,0.21,203
Dataset F,0.7392997704632835,0.24870524766335325,0.21,203
Dataset F,0.7417460512934699,0.24870524766335325,0.21,203
Dataset F,0.7591917292235403,0.24870524766335325,0.21,203
Dataset F,0.7662500758169237,0.24870524766335325,0.21,203
Dataset F,0.7792747710093864,0.24870524766335325,0.21,203
Dataset F,0.8168095352515954,0.24870524766335325,0.21,203
Dataset F,0.8263818938183651,0.24870524766335325,0.21,203
Dataset F,0.8268851852351518,0.24870524766335325,0.21,203
Dataset F,0.8379220164952111,0.24870524766335325,0.21,203
Dataset F,0.8707380626168123,0.24870524766335325,0.21,203
Dataset F,0.8730752172071135,0.24870524766335325,0.21,203
Dataset F,0.8865813914354047,0.24870524766335325,0.21,203
Dataset F,0.9004030047779004,0.24870524766335325,0.21,203
Dataset F,0.9028727222529175,0.24870524766335325,0.21,203
Dataset F,0.9062872281447893,0.24870524766335325,0.21,203
Dataset F,0.9140649855626659,0.24870524766335325,0.21,203
Dataset F,0.9224606439731445,0.24870524766335325,0.21,203
Dataset F,0.9321332933812234,0.24870524766335325,0.21,203
Dataset F,0.9326489789958328,0.24870524766335325,0.21,203
Dataset F,0.9383355302221329,0.24870524766335325,0.21,203
Dataset F,0.9456760155905882,0.24870524766335325,0.21,203
Dataset F,0.9520228261633167,0.24870524766335325,0.21,203
Dataset F,0.957280567799836,0.24870524766335325,0.21,203
Dataset F,0.9875488277654769,0.24870524766335325,0.21,203
Dataset F,0.9889711562413226,0.24870524766335325,0.21,203
Dataset F,0.9916455956489039,0.24870524766335325,0.21,203
Dataset F,0.9990494859423722,0.24870524766335325,0.21,203
